filename,category,duration (milliseconds)
1-100032-A-0_dog.wav,dog,2737
1-100038-A-14_chirping-birds.wav,chirping-birds,5000
1-100210-A-36_vacuum-cleaner.wav,vacuum-cleaner,4999
1-100210-B-36_vacuum-cleaner.wav,vacuum-cleaner,5000
1-101296-A-19_thunderstorm.wav,thunderstorm,4797
1-101296-B-19_thunderstorm.wav,thunderstorm,3988
1-101336-A-30_door-wood-knock.wav,door-wood-knock,4916
1-101404-A-34_can-opening.wav,can-opening,4911
1-103298-A-9_crow.wav,crow,5000
1-103995-A-30_door-wood-knock.wav,door-wood-knock,4977
1-103999-A-30_door-wood-knock.wav,door-wood-knock,4976
1-104089-A-22_clapping.wav,clapping,4949
1-104089-B-22_clapping.wav,clapping,5000
1-105224-A-22_clapping.wav,clapping,5000
1-110389-A-0_dog.wav,dog,4983
1-110537-A-22_clapping.wav,clapping,5000
1-115521-A-19_thunderstorm.wav,thunderstorm,5000
1-115545-A-48_fireworks.wav,fireworks,5000
1-115545-B-48_fireworks.wav,fireworks,4758
1-115545-C-48_fireworks.wav,fireworks,4488
1-115546-A-48_fireworks.wav,fireworks,4354
1-115920-A-22_clapping.wav,clapping,4832
1-115920-B-22_clapping.wav,clapping,5000
1-115921-A-22_clapping.wav,clapping,4878
1-116765-A-41_chainsaw.wav,chainsaw,5000
1-11687-A-47_airplane.wav,airplane,5000
1-118206-A-31_mouse-click.wav,mouse-click,4534
1-118559-A-17_pouring-water.wav,pouring-water,3222
1-119125-A-45_train.wav,train,5000
1-121951-A-8_sheep.wav,sheep,4554
1-12653-A-15_water-drops.wav,water-drops,4975
1-12654-A-15_water-drops.wav,water-drops,4118
1-12654-B-15_water-drops.wav,water-drops,4231
1-13571-A-46_church-bells.wav,church-bells,5000
1-13572-A-46_church-bells.wav,church-bells,5000
1-13613-A-37_clock-alarm.wav,clock-alarm,5000
1-137-A-32_keyboard-typing.wav,keyboard-typing,4936
1-137296-A-16_wind.wav,wind,5000
1-14262-A-37_clock-alarm.wav,clock-alarm,4996
1-155858-A-25_footsteps.wav,footsteps,4644
1-155858-B-25_footsteps.wav,footsteps,4997
1-155858-C-25_footsteps.wav,footsteps,4787
1-155858-D-25_footsteps.wav,footsteps,4867
1-155858-E-25_footsteps.wav,footsteps,4997
1-155858-F-25_footsteps.wav,footsteps,4612
1-15689-A-4_frog.wav,frog,4635
1-15689-B-4_frog.wav,frog,4674
1-160563-A-48_fireworks.wav,fireworks,4998
1-160563-B-48_fireworks.wav,fireworks,4556
1-16568-A-3_cow.wav,cow,5000
1-16746-A-15_water-drops.wav,water-drops,5000
1-17092-A-27_brushing-teeth.wav,brushing-teeth,4895
1-17092-B-27_brushing-teeth.wav,brushing-teeth,4990
1-17124-A-43_car-horn.wav,car-horn,5000
1-17150-A-12_crackling-fire.wav,crackling-fire,4932
1-172649-A-40_helicopter.wav,helicopter,5000
1-172649-B-40_helicopter.wav,helicopter,5000
1-172649-C-40_helicopter.wav,helicopter,5000
1-172649-D-40_helicopter.wav,helicopter,5000
1-172649-E-40_helicopter.wav,helicopter,5000
1-172649-F-40_helicopter.wav,helicopter,5000
1-17295-A-29_drinking-sipping.wav,drinking-sipping,4914
1-17367-A-10_rain.wav,rain,5000
1-17565-A-12_crackling-fire.wav,crackling-fire,4975
1-17585-A-7_insects.wav,insects,5000
1-17742-A-12_crackling-fire.wav,crackling-fire,4825
1-17808-A-12_crackling-fire.wav,crackling-fire,5000
1-17808-B-12_crackling-fire.wav,crackling-fire,5000
1-1791-A-26_laughing.wav,laughing,4998
1-17970-A-4_frog.wav,frog,5000
1-18074-A-6_hen.wav,hen,4799
1-18074-B-6_hen.wav,hen,4217
1-181071-A-40_helicopter.wav,helicopter,5000
1-181071-B-40_helicopter.wav,helicopter,5000
1-18527-A-44_engine.wav,engine,4999
1-18527-B-44_engine.wav,engine,5000
1-18631-A-23_breathing.wav,breathing,5000
1-18655-A-31_mouse-click.wav,mouse-click,4871
1-187207-A-20_crying-baby.wav,crying-baby,4697
1-18755-A-4_frog.wav,frog,5000
1-18755-B-4_frog.wav,frog,5000
1-18757-A-4_frog.wav,frog,5000
1-18810-A-49_hand-saw.wav,hand-saw,4895
1-19026-A-43_car-horn.wav,car-horn,4969
1-19111-A-24_coughing.wav,coughing,4991
1-19118-A-24_coughing.wav,coughing,4902
1-19501-A-7_insects.wav,insects,5000
1-196660-A-8_sheep.wav,sheep,4999
1-196660-B-8_sheep.wav,sheep,5000
1-19840-A-36_vacuum-cleaner.wav,vacuum-cleaner,5000
1-19872-A-36_vacuum-cleaner.wav,vacuum-cleaner,5000
1-19872-B-36_vacuum-cleaner.wav,vacuum-cleaner,5000
1-19898-A-41_chainsaw.wav,chainsaw,4797
1-19898-B-41_chainsaw.wav,chainsaw,4999
1-19898-C-41_chainsaw.wav,chainsaw,4965
1-20133-A-39_glass-breaking.wav,glass-breaking,5000
1-202111-A-3_cow.wav,cow,4836
1-20545-A-28_snoring.wav,snoring,5000
1-20736-A-18_toilet-flush.wav,toilet-flush,5000
1-208757-A-2_pig.wav,pig,5000
1-208757-B-2_pig.wav,pig,5000
1-208757-C-2_pig.wav,pig,5000
1-208757-D-2_pig.wav,pig,5000
1-208757-E-2_pig.wav,pig,5000
1-211527-A-20_crying-baby.wav,crying-baby,4708
1-211527-B-20_crying-baby.wav,crying-baby,5000
1-211527-C-20_crying-baby.wav,crying-baby,4943
1-21189-A-10_rain.wav,rain,5000
1-21421-A-46_church-bells.wav,church-bells,5000
1-21896-A-35_washing-machine.wav,washing-machine,5000
1-21934-A-38_clock-tick.wav,clock-tick,4862
1-21935-A-38_clock-tick.wav,clock-tick,4902
1-223162-A-25_footsteps.wav,footsteps,4984
1-22694-A-20_crying-baby.wav,crying-baby,4505
1-22694-B-20_crying-baby.wav,crying-baby,4698
1-22804-A-46_church-bells.wav,church-bells,5000
1-22882-A-44_engine.wav,engine,5000
1-23094-A-15_water-drops.wav,water-drops,4644
1-23094-B-15_water-drops.wav,water-drops,4647
1-23222-A-19_thunderstorm.wav,thunderstorm,5000
1-23222-B-19_thunderstorm.wav,thunderstorm,4972
1-23706-A-49_hand-saw.wav,hand-saw,4992
1-23996-A-35_washing-machine.wav,washing-machine,5000
1-23996-B-35_washing-machine.wav,washing-machine,5000
1-24074-A-43_car-horn.wav,car-horn,5000
1-24076-A-43_car-horn.wav,car-horn,5000
1-24524-A-19_thunderstorm.wav,thunderstorm,4747
1-24524-B-19_thunderstorm.wav,thunderstorm,4200
1-24524-C-19_thunderstorm.wav,thunderstorm,4149
1-24796-A-47_airplane.wav,airplane,5000
1-254507-A-43_car-horn.wav,car-horn,5000
1-25777-A-48_fireworks.wav,fireworks,4810
1-25781-A-48_fireworks.wav,fireworks,4749
1-260640-A-2_pig.wav,pig,5000
1-260640-B-2_pig.wav,pig,5000
1-260640-C-2_pig.wav,pig,5000
1-26143-A-21_sneezing.wav,sneezing,4866
1-26176-A-43_car-horn.wav,car-horn,5000
1-26177-A-43_car-horn.wav,car-horn,5000
1-26188-A-30_door-wood-knock.wav,door-wood-knock,4682
1-26222-A-10_rain.wav,rain,5000
1-26806-A-1_rooster.wav,rooster,4991
1-27165-A-35_washing-machine.wav,washing-machine,5000
1-27166-A-35_washing-machine.wav,washing-machine,5000
1-27403-A-28_snoring.wav,snoring,4820
1-27405-A-28_snoring.wav,snoring,4476
1-27724-A-1_rooster.wav,rooster,5000
1-28005-A-18_toilet-flush.wav,toilet-flush,5000
1-28135-A-11_sea-waves.wav,sea-waves,5000
1-28135-B-11_sea-waves.wav,sea-waves,5000
1-28808-A-43_car-horn.wav,car-horn,5000
1-29532-A-16_wind.wav,wind,5000
1-29561-A-10_rain.wav,rain,5000
1-29680-A-21_sneezing.wav,sneezing,4937
1-30039-A-26_laughing.wav,laughing,5000
1-30043-A-26_laughing.wav,laughing,4988
1-30214-A-18_toilet-flush.wav,toilet-flush,3708
1-30226-A-0_dog.wav,dog,4062
1-30344-A-0_dog.wav,dog,4843
1-30709-A-23_breathing.wav,breathing,4991
1-30709-B-23_breathing.wav,breathing,4991
1-30709-C-23_breathing.wav,breathing,5000
1-30830-A-24_coughing.wav,coughing,5000
1-31251-A-6_hen.wav,hen,5000
1-31251-B-6_hen.wav,hen,5000
1-31482-A-42_siren.wav,siren,5000
1-31482-B-42_siren.wav,siren,5000
1-31748-A-21_sneezing.wav,sneezing,4783
1-31836-A-4_frog.wav,frog,5000
1-31836-B-4_frog.wav,frog,4998
1-32318-A-0_dog.wav,dog,4867
1-32373-A-35_washing-machine.wav,washing-machine,5000
1-32373-B-35_washing-machine.wav,washing-machine,5000
1-32579-A-29_drinking-sipping.wav,drinking-sipping,4849
1-33658-A-26_laughing.wav,laughing,5000
1-34094-A-5_cat.wav,cat,5000
1-34094-B-5_cat.wav,cat,5000
1-34119-A-1_rooster.wav,rooster,4877
1-34119-B-1_rooster.wav,rooster,4967
1-34495-A-14_chirping-birds.wav,chirping-birds,5000
1-34497-A-14_chirping-birds.wav,chirping-birds,5000
1-34853-A-37_clock-alarm.wav,clock-alarm,4976
1-35687-A-38_clock-tick.wav,clock-tick,4796
1-36164-A-26_laughing.wav,laughing,4893
1-36164-B-26_laughing.wav,laughing,4995
1-36393-A-23_breathing.wav,breathing,4384
1-36397-A-23_breathing.wav,breathing,4909
1-36400-A-23_breathing.wav,breathing,4775
1-36402-A-23_breathing.wav,breathing,4802
1-36929-A-47_airplane.wav,airplane,5000
1-37226-A-29_drinking-sipping.wav,drinking-sipping,4997
1-38559-A-14_chirping-birds.wav,chirping-birds,4918
1-38560-A-14_chirping-birds.wav,chirping-birds,5000
1-39835-A-9_crow.wav,crow,4994
1-39835-B-9_crow.wav,crow,4996
1-39901-A-11_sea-waves.wav,sea-waves,5000
1-39901-B-11_sea-waves.wav,sea-waves,5000
1-39923-A-1_rooster.wav,rooster,4946
1-39937-A-28_snoring.wav,snoring,5000
1-40154-A-46_church-bells.wav,church-bells,5000
1-40621-A-28_snoring.wav,snoring,4394
1-40730-A-1_rooster.wav,rooster,4991
1-40967-A-28_snoring.wav,snoring,1372
1-41615-A-34_can-opening.wav,can-opening,4809
1-4211-A-12_crackling-fire.wav,crackling-fire,5000
1-42139-A-38_clock-tick.wav,clock-tick,5000
1-43382-A-1_rooster.wav,rooster,4953
1-43760-A-11_sea-waves.wav,sea-waves,5000
1-43764-A-34_can-opening.wav,can-opening,4314
1-43807-A-47_airplane.wav,airplane,5000
1-43807-B-47_airplane.wav,airplane,5000
1-43807-C-47_airplane.wav,airplane,5000
1-43807-D-47_airplane.wav,airplane,5000
1-44831-A-1_rooster.wav,rooster,4971
1-45641-A-27_brushing-teeth.wav,brushing-teeth,5000
1-45645-A-31_mouse-click.wav,mouse-click,3912
1-46040-A-14_chirping-birds.wav,chirping-birds,3574
1-46272-A-12_crackling-fire.wav,crackling-fire,5000
1-46274-A-18_toilet-flush.wav,toilet-flush,4789
1-46353-A-49_hand-saw.wav,hand-saw,5000
1-46744-A-36_vacuum-cleaner.wav,vacuum-cleaner,5000
1-46938-A-7_insects.wav,insects,5000
1-46938-B-7_insects.wav,insects,5000
1-47250-A-41_chainsaw.wav,chainsaw,5000
1-47250-B-41_chainsaw.wav,chainsaw,5000
1-47273-A-21_sneezing.wav,sneezing,4919
1-47274-A-21_sneezing.wav,sneezing,4756
1-47709-A-16_wind.wav,wind,5000
1-47714-A-16_wind.wav,wind,5000
1-47819-A-5_cat.wav,cat,4619
1-47819-B-5_cat.wav,cat,4542
1-47819-C-5_cat.wav,cat,4059
1-47923-A-28_snoring.wav,snoring,5000
1-48298-A-46_church-bells.wav,church-bells,5000
1-48413-A-38_clock-tick.wav,clock-tick,4854
1-49098-A-35_washing-machine.wav,washing-machine,5000
1-49409-A-8_sheep.wav,sheep,5000
1-49409-B-8_sheep.wav,sheep,5000
1-50060-A-10_rain.wav,rain,5000
1-50454-A-44_engine.wav,engine,4999
1-50455-A-44_engine.wav,engine,5000
1-50623-A-15_water-drops.wav,water-drops,3774
1-50625-A-17_pouring-water.wav,pouring-water,4486
1-50661-A-44_engine.wav,engine,5000
1-50688-A-17_pouring-water.wav,pouring-water,4813
1-51035-A-16_wind.wav,wind,5000
1-51036-A-16_wind.wav,wind,5000
1-51037-A-16_wind.wav,wind,5000
1-51147-A-25_footsteps.wav,footsteps,4965
1-51170-A-18_toilet-flush.wav,toilet-flush,5000
1-51433-A-17_pouring-water.wav,pouring-water,4981
1-51436-A-17_pouring-water.wav,pouring-water,4349
1-51805-A-33_door-wood-creaks.wav,door-wood-creaks,4588
1-51805-B-33_door-wood-creaks.wav,door-wood-creaks,5000
1-51805-C-33_door-wood-creaks.wav,door-wood-creaks,4917
1-51805-D-33_door-wood-creaks.wav,door-wood-creaks,4909
1-51805-E-33_door-wood-creaks.wav,door-wood-creaks,4997
1-51805-F-33_door-wood-creaks.wav,door-wood-creaks,5000
1-51805-G-33_door-wood-creaks.wav,door-wood-creaks,4945
1-51805-H-33_door-wood-creaks.wav,door-wood-creaks,5000
1-52266-A-24_coughing.wav,coughing,5000
1-52290-A-30_door-wood-knock.wav,door-wood-knock,4909
1-52323-A-24_coughing.wav,coughing,5000
1-53444-A-28_snoring.wav,snoring,5000
1-53467-A-47_airplane.wav,airplane,5000
1-53501-A-32_keyboard-typing.wav,keyboard-typing,4999
1-53663-A-24_coughing.wav,coughing,5000
1-53670-A-18_toilet-flush.wav,toilet-flush,4985
1-54065-A-45_train.wav,train,5000
1-54065-B-45_train.wav,train,5000
1-54084-A-42_siren.wav,siren,5000
1-54505-A-21_sneezing.wav,sneezing,3566
1-54747-A-46_church-bells.wav,church-bells,5000
1-54752-A-18_toilet-flush.wav,toilet-flush,4909
1-54918-A-14_chirping-birds.wav,chirping-birds,4999
1-54918-B-14_chirping-birds.wav,chirping-birds,5000
1-54958-A-10_rain.wav,rain,5000
1-56233-A-9_crow.wav,crow,4942
1-56234-A-9_crow.wav,crow,5000
1-56269-A-18_toilet-flush.wav,toilet-flush,5000
1-56270-A-29_drinking-sipping.wav,drinking-sipping,4797
1-56311-A-10_rain.wav,rain,5000
1-56380-A-5_cat.wav,cat,4411
1-56380-B-5_cat.wav,cat,4983
1-56907-A-46_church-bells.wav,church-bells,5000
1-57163-A-38_clock-tick.wav,clock-tick,4969
1-57316-A-13_crickets.wav,crickets,5000
1-57318-A-13_crickets.wav,crickets,5000
1-57795-A-8_sheep.wav,sheep,4839
1-58277-A-3_cow.wav,cow,5000
1-58792-A-24_coughing.wav,coughing,5000
1-58846-A-34_can-opening.wav,can-opening,4417
1-58923-A-27_brushing-teeth.wav,brushing-teeth,5000
1-58923-B-27_brushing-teeth.wav,brushing-teeth,5000
1-59102-A-13_crickets.wav,crickets,5000
1-59324-A-21_sneezing.wav,sneezing,4745
1-59513-A-0_dog.wav,dog,4978
1-5996-A-6_hen.wav,hen,5000
1-60460-A-36_vacuum-cleaner.wav,vacuum-cleaner,5000
1-60676-A-34_can-opening.wav,can-opening,4609
1-60997-A-20_crying-baby.wav,crying-baby,4702
1-60997-B-20_crying-baby.wav,crying-baby,4855
1-61212-A-32_keyboard-typing.wav,keyboard-typing,4971
1-61221-A-17_pouring-water.wav,pouring-water,4896
1-61252-A-11_sea-waves.wav,sea-waves,5000
1-61261-A-44_engine.wav,engine,5000
1-61534-A-27_brushing-teeth.wav,brushing-teeth,4946
1-62509-A-45_train.wav,train,5000
1-62565-A-44_engine.wav,engine,5000
1-62594-A-32_keyboard-typing.wav,keyboard-typing,4995
1-62849-A-38_clock-tick.wav,clock-tick,4704
1-62850-A-38_clock-tick.wav,clock-tick,4805
1-63679-A-24_coughing.wav,coughing,5000
1-63871-A-10_rain.wav,rain,5000
1-64398-A-41_chainsaw.wav,chainsaw,4332
1-64398-B-41_chainsaw.wav,chainsaw,5000
1-64473-A-45_train.wav,train,5000
1-65483-A-13_crickets.wav,crickets,5000
1-67033-A-37_clock-alarm.wav,clock-alarm,4655
1-67152-A-17_pouring-water.wav,pouring-water,4986
1-67230-A-29_drinking-sipping.wav,drinking-sipping,4509
1-67432-A-27_brushing-teeth.wav,brushing-teeth,5000
1-68628-A-27_brushing-teeth.wav,brushing-teeth,4999
1-68670-A-34_can-opening.wav,can-opening,4154
1-68734-A-34_can-opening.wav,can-opening,4152
1-69165-A-34_can-opening.wav,can-opening,4218
1-69422-A-3_cow.wav,cow,5000
1-69641-A-3_cow.wav,cow,5000
1-69760-A-16_wind.wav,wind,5000
1-70300-A-45_train.wav,train,5000
1-7057-A-12_crackling-fire.wav,crackling-fire,4632
1-71030-A-6_hen.wav,hen,5000
1-72195-A-37_clock-alarm.wav,clock-alarm,3718
1-72195-B-37_clock-alarm.wav,clock-alarm,4956
1-72229-A-6_hen.wav,hen,5000
1-72229-B-6_hen.wav,hen,5000
1-72695-A-26_laughing.wav,laughing,4591
1-73123-A-26_laughing.wav,laughing,5000
1-73585-A-7_insects.wav,insects,5000
1-74517-A-37_clock-alarm.wav,clock-alarm,5000
1-7456-A-13_crickets.wav,crickets,5000
1-75162-A-9_crow.wav,crow,4917
1-75189-A-7_insects.wav,insects,5000
1-75190-A-8_sheep.wav,sheep,5000
1-76831-A-42_siren.wav,siren,5000
1-76831-B-42_siren.wav,siren,5000
1-76831-C-42_siren.wav,siren,5000
1-76831-D-42_siren.wav,siren,5000
1-76831-E-42_siren.wav,siren,5000
1-77160-A-3_cow.wav,cow,5000
1-77241-A-3_cow.wav,cow,5000
1-79113-A-5_cat.wav,cat,4988
1-79146-A-29_drinking-sipping.wav,drinking-sipping,4925
1-79220-A-17_pouring-water.wav,pouring-water,4957
1-79236-A-36_vacuum-cleaner.wav,vacuum-cleaner,4979
1-79711-A-32_keyboard-typing.wav,keyboard-typing,4987
1-7973-A-7_insects.wav,insects,4050
1-7974-A-49_hand-saw.wav,hand-saw,5000
1-7974-B-49_hand-saw.wav,hand-saw,5000
1-80785-A-7_insects.wav,insects,5000
1-80840-A-13_crickets.wav,crickets,3662
1-80841-A-13_crickets.wav,crickets,5000
1-81001-A-30_door-wood-knock.wav,door-wood-knock,4999
1-81001-B-30_door-wood-knock.wav,door-wood-knock,5000
1-81269-A-3_cow.wav,cow,4998
1-81851-A-31_mouse-click.wav,mouse-click,3884
1-81883-A-21_sneezing.wav,sneezing,3927
1-82817-A-30_door-wood-knock.wav,door-wood-knock,4957
1-84393-A-32_keyboard-typing.wav,keyboard-typing,4979
1-84536-A-39_glass-breaking.wav,glass-breaking,4431
1-84704-A-39_glass-breaking.wav,glass-breaking,4895
1-84705-A-39_glass-breaking.wav,glass-breaking,5000
1-85123-A-31_mouse-click.wav,mouse-click,4999
1-85168-A-39_glass-breaking.wav,glass-breaking,4987
1-85184-A-39_glass-breaking.wav,glass-breaking,4996
1-85362-A-0_dog.wav,dog,4967
1-85909-A-29_drinking-sipping.wav,drinking-sipping,4424
1-87565-A-29_drinking-sipping.wav,drinking-sipping,5000
1-88409-A-45_train.wav,train,5000
1-88409-B-45_train.wav,train,5000
1-88574-A-8_sheep.wav,sheep,5000
1-88807-A-39_glass-breaking.wav,glass-breaking,4668
1-90797-A-15_water-drops.wav,water-drops,4824
1-91359-A-11_sea-waves.wav,sea-waves,5000
1-91359-B-11_sea-waves.wav,sea-waves,5000
1-94036-A-22_clapping.wav,clapping,5000
1-94231-A-32_keyboard-typing.wav,keyboard-typing,1603
1-94231-B-32_keyboard-typing.wav,keyboard-typing,4988
1-95563-A-31_mouse-click.wav,mouse-click,4870
1-96890-A-37_clock-alarm.wav,clock-alarm,5000
1-96950-A-9_crow.wav,crow,4899
1-96950-B-9_crow.wav,crow,4999
1-97392-A-0_dog.wav,dog,4936
1-977-A-39_glass-breaking.wav,glass-breaking,5000
1-97793-A-31_mouse-click.wav,mouse-click,4796
1-9841-A-13_crickets.wav,crickets,4390
1-9886-A-49_hand-saw.wav,hand-saw,4999
1-9887-A-49_hand-saw.wav,hand-saw,4992
1-9887-B-49_hand-saw.wav,hand-saw,5000
1-99958-A-31_mouse-click.wav,mouse-click,4937
2-100648-A-43_car-horn.wav,car-horn,5000
2-100786-A-1_rooster.wav,rooster,4975
2-101676-A-10_rain.wav,rain,5000
2-102414-A-17_pouring-water.wav,pouring-water,3661
2-102414-B-17_pouring-water.wav,pouring-water,4989
2-102414-C-17_pouring-water.wav,pouring-water,4997
2-102414-D-17_pouring-water.wav,pouring-water,2482
2-102414-E-17_pouring-water.wav,pouring-water,5000
2-102414-F-17_pouring-water.wav,pouring-water,4997
2-102414-G-17_pouring-water.wav,pouring-water,4999
2-102435-A-37_clock-alarm.wav,clock-alarm,4999
2-102567-A-35_washing-machine.wav,washing-machine,5000
2-102567-B-35_washing-machine.wav,washing-machine,5000
2-102567-C-35_washing-machine.wav,washing-machine,5000
2-102567-D-35_washing-machine.wav,washing-machine,5000
2-102568-A-35_washing-machine.wav,washing-machine,5000
2-102581-A-29_drinking-sipping.wav,drinking-sipping,2717
2-102581-B-29_drinking-sipping.wav,drinking-sipping,4654
2-102852-A-11_sea-waves.wav,sea-waves,5000
2-103423-A-3_cow.wav,cow,5000
2-103424-A-3_cow.wav,cow,5000
2-103426-A-3_cow.wav,cow,5000
2-103427-A-3_cow.wav,cow,5000
2-103428-A-3_cow.wav,cow,5000
2-104105-A-19_thunderstorm.wav,thunderstorm,5000
2-104105-B-19_thunderstorm.wav,thunderstorm,5000
2-104168-A-32_keyboard-typing.wav,keyboard-typing,4999
2-104475-A-37_clock-alarm.wav,clock-alarm,4833
2-104476-A-37_clock-alarm.wav,clock-alarm,5000
2-104877-A-3_cow.wav,cow,5000
2-104952-A-16_wind.wav,wind,4999
2-104952-B-16_wind.wav,wind,4999
2-105270-A-47_airplane.wav,airplane,5000
2-106014-A-44_engine.wav,engine,5000
2-106015-A-44_engine.wav,engine,5000
2-106015-B-44_engine.wav,engine,5000
2-106019-A-13_crickets.wav,crickets,5000
2-106072-A-36_vacuum-cleaner.wav,vacuum-cleaner,5000
2-106073-A-36_vacuum-cleaner.wav,vacuum-cleaner,5000
2-106486-A-44_engine.wav,engine,5000
2-106487-A-44_engine.wav,engine,5000
2-106849-A-47_airplane.wav,airplane,5000
2-106881-A-39_glass-breaking.wav,glass-breaking,4898
2-107228-A-44_engine.wav,engine,5000
2-107228-B-44_engine.wav,engine,5000
2-107351-A-20_crying-baby.wav,crying-baby,4988
2-107351-B-20_crying-baby.wav,crying-baby,4993
2-108017-A-24_coughing.wav,coughing,4998
2-108760-A-14_chirping-birds.wav,chirping-birds,5000
2-108760-B-14_chirping-birds.wav,chirping-birds,5000
2-108761-A-14_chirping-birds.wav,chirping-birds,5000
2-108763-A-9_crow.wav,crow,5000
2-108766-A-9_crow.wav,crow,4999
2-108767-A-9_crow.wav,crow,4997
2-108767-B-9_crow.wav,crow,4968
2-108767-C-9_crow.wav,crow,4984
2-109231-A-9_crow.wav,crow,5000
2-109231-B-9_crow.wav,crow,5000
2-109231-C-9_crow.wav,crow,4999
2-109316-A-32_keyboard-typing.wav,keyboard-typing,4769
2-109371-A-16_wind.wav,wind,5000
2-109371-B-16_wind.wav,wind,5000
2-109371-C-16_wind.wav,wind,5000
2-109371-D-16_wind.wav,wind,5000
2-109374-A-16_wind.wav,wind,4999
2-109505-A-21_sneezing.wav,sneezing,4962
2-109759-A-26_laughing.wav,laughing,4978
2-109759-B-26_laughing.wav,laughing,5000
2-110010-A-5_cat.wav,cat,5000
2-110011-A-5_cat.wav,cat,4999
2-110417-A-28_snoring.wav,snoring,4269
2-110417-B-28_snoring.wav,snoring,2996
2-110613-A-13_crickets.wav,crickets,4999
2-110614-A-8_sheep.wav,sheep,5000
2-110614-B-8_sheep.wav,sheep,5000
2-112213-A-39_glass-breaking.wav,glass-breaking,4931
2-112213-B-39_glass-breaking.wav,glass-breaking,5000
2-114254-A-30_door-wood-knock.wav,door-wood-knock,4781
2-114280-A-0_dog.wav,dog,4900
2-114587-A-0_dog.wav,dog,4974
2-114609-A-28_snoring.wav,snoring,5000
2-114609-B-28_snoring.wav,snoring,4994
2-116400-A-0_dog.wav,dog,4816
2-117116-A-37_clock-alarm.wav,clock-alarm,4955
2-117271-A-0_dog.wav,dog,4998
2-117330-A-28_snoring.wav,snoring,4571
2-117615-A-48_fireworks.wav,fireworks,4958
2-117615-B-48_fireworks.wav,fireworks,4667
2-117615-C-48_fireworks.wav,fireworks,5000
2-117615-D-48_fireworks.wav,fireworks,4789
2-117615-E-48_fireworks.wav,fireworks,4568
2-117616-A-48_fireworks.wav,fireworks,5000
2-117617-A-48_fireworks.wav,fireworks,5000
2-117625-A-10_rain.wav,rain,5000
2-117795-A-3_cow.wav,cow,4999
2-117795-B-3_cow.wav,cow,5000
2-118072-A-0_dog.wav,dog,4952
2-118104-A-21_sneezing.wav,sneezing,4816
2-118459-A-32_keyboard-typing.wav,keyboard-typing,5000
2-118459-B-32_keyboard-typing.wav,keyboard-typing,5000
2-118624-A-30_door-wood-knock.wav,door-wood-knock,5000
2-118625-A-30_door-wood-knock.wav,door-wood-knock,5000
2-118817-A-32_keyboard-typing.wav,keyboard-typing,4990
2-118964-A-0_dog.wav,dog,4897
2-119102-A-21_sneezing.wav,sneezing,4719
2-119139-A-31_mouse-click.wav,mouse-click,5000
2-119161-A-8_sheep.wav,sheep,4684
2-119161-B-8_sheep.wav,sheep,4920
2-119161-C-8_sheep.wav,sheep,4958
2-119748-A-38_clock-tick.wav,clock-tick,4673
2-120218-A-30_door-wood-knock.wav,door-wood-knock,4397
2-120218-B-30_door-wood-knock.wav,door-wood-knock,4920
2-120333-A-32_keyboard-typing.wav,keyboard-typing,5000
2-120586-A-6_hen.wav,hen,5000
2-120587-A-6_hen.wav,hen,5000
2-121909-A-35_washing-machine.wav,washing-machine,5000
2-121978-A-29_drinking-sipping.wav,drinking-sipping,5000
2-122066-A-45_train.wav,train,5000
2-122066-B-45_train.wav,train,5000
2-122067-A-45_train.wav,train,5000
2-122067-B-45_train.wav,train,5000
2-122104-A-0_dog.wav,dog,4734
2-122104-B-0_dog.wav,dog,4844
2-122616-A-14_chirping-birds.wav,chirping-birds,5000
2-122763-A-29_drinking-sipping.wav,drinking-sipping,4856
2-122763-B-29_drinking-sipping.wav,drinking-sipping,4926
2-122820-A-36_vacuum-cleaner.wav,vacuum-cleaner,5000
2-122820-B-36_vacuum-cleaner.wav,vacuum-cleaner,5000
2-123712-A-33_door-wood-creaks.wav,door-wood-creaks,4975
2-123896-A-24_coughing.wav,coughing,5000
2-124564-A-15_water-drops.wav,water-drops,4985
2-124662-A-11_sea-waves.wav,sea-waves,4554
2-125520-A-43_car-horn.wav,car-horn,5000
2-125821-A-13_crickets.wav,crickets,4853
2-125875-A-13_crickets.wav,crickets,5000
2-125966-A-11_sea-waves.wav,sea-waves,5000
2-126433-A-17_pouring-water.wav,pouring-water,5000
2-126756-A-29_drinking-sipping.wav,drinking-sipping,5000
2-127108-A-38_clock-tick.wav,clock-tick,4980
2-127109-A-6_hen.wav,hen,4844
2-128465-A-43_car-horn.wav,car-horn,5000
2-128465-B-43_car-horn.wav,car-horn,5000
2-128631-A-21_sneezing.wav,sneezing,4883
2-130245-A-34_can-opening.wav,can-opening,4793
2-130978-A-21_sneezing.wav,sneezing,4687
2-130979-A-21_sneezing.wav,sneezing,3854
2-131943-A-38_clock-tick.wav,clock-tick,5000
2-132157-A-11_sea-waves.wav,sea-waves,4997
2-132157-B-11_sea-waves.wav,sea-waves,5000
2-133863-A-11_sea-waves.wav,sea-waves,5000
2-133889-A-30_door-wood-knock.wav,door-wood-knock,5000
2-134049-A-6_hen.wav,hen,5000
2-134700-A-38_clock-tick.wav,clock-tick,4274
2-134915-A-30_door-wood-knock.wav,door-wood-knock,5000
2-135649-A-45_train.wav,train,5000
2-135649-B-45_train.wav,train,5000
2-135649-C-45_train.wav,train,5000
2-135728-A-38_clock-tick.wav,clock-tick,4980
2-135860-A-49_hand-saw.wav,hand-saw,5000
2-137162-A-11_sea-waves.wav,sea-waves,5000
2-138257-A-31_mouse-click.wav,mouse-click,4227
2-138465-A-43_car-horn.wav,car-horn,5000
2-139748-A-15_water-drops.wav,water-drops,4898
2-139748-B-15_water-drops.wav,water-drops,4757
2-139749-A-15_water-drops.wav,water-drops,4348
2-140147-A-38_clock-tick.wav,clock-tick,4998
2-140841-A-30_door-wood-knock.wav,door-wood-knock,5000
2-141563-A-39_glass-breaking.wav,glass-breaking,4799
2-141584-A-38_clock-tick.wav,clock-tick,4514
2-141681-A-36_vacuum-cleaner.wav,vacuum-cleaner,5000
2-141681-B-36_vacuum-cleaner.wav,vacuum-cleaner,5000
2-141682-A-36_vacuum-cleaner.wav,vacuum-cleaner,4985
2-141682-B-36_vacuum-cleaner.wav,vacuum-cleaner,5000
2-144031-A-34_can-opening.wav,can-opening,4749
2-144137-A-43_car-horn.wav,car-horn,4531
2-146877-A-31_mouse-click.wav,mouse-click,4531
2-146877-B-31_mouse-click.wav,mouse-click,4328
2-151079-A-20_crying-baby.wav,crying-baby,4871
2-152895-A-31_mouse-click.wav,mouse-click,4999
2-152964-A-31_mouse-click.wav,mouse-click,4998
2-153388-A-31_mouse-click.wav,mouse-click,5000
2-154688-A-31_mouse-click.wav,mouse-click,4999
2-155801-A-11_sea-waves.wav,sea-waves,4994
2-157488-A-6_hen.wav,hen,4976
2-158746-A-2_pig.wav,pig,5000
2-158746-B-2_pig.wav,pig,5000
2-158746-C-2_pig.wav,pig,5000
2-158746-D-2_pig.wav,pig,5000
2-160128-A-7_insects.wav,insects,5000
2-160888-A-47_airplane.wav,airplane,5000
2-165801-A-48_fireworks.wav,fireworks,4284
2-166644-A-2_pig.wav,pig,4998
2-166644-B-2_pig.wav,pig,5000
2-166644-C-2_pig.wav,pig,5000
2-173559-A-39_glass-breaking.wav,glass-breaking,4865
2-173607-A-39_glass-breaking.wav,glass-breaking,4966
2-173618-A-39_glass-breaking.wav,glass-breaking,4973
2-182508-A-8_sheep.wav,sheep,5000
2-182508-B-8_sheep.wav,sheep,5000
2-184077-A-49_hand-saw.wav,hand-saw,5000
2-18766-A-12_crackling-fire.wav,crackling-fire,4924
2-18766-B-12_crackling-fire.wav,crackling-fire,4450
2-188822-A-40_helicopter.wav,helicopter,4997
2-188822-B-40_helicopter.wav,helicopter,5000
2-188822-C-40_helicopter.wav,helicopter,5000
2-188822-D-40_helicopter.wav,helicopter,5000
2-196688-A-8_sheep.wav,sheep,5000
2-205966-A-16_wind.wav,wind,5000
2-209471-A-25_footsteps.wav,footsteps,4983
2-209472-A-25_footsteps.wav,footsteps,4998
2-209473-A-25_footsteps.wav,footsteps,4938
2-209474-A-25_footsteps.wav,footsteps,5000
2-209475-A-25_footsteps.wav,footsteps,5000
2-209476-A-25_footsteps.wav,footsteps,5000
2-209477-A-25_footsteps.wav,footsteps,4855
2-209478-A-25_footsteps.wav,footsteps,5000
2-250710-A-39_glass-breaking.wav,glass-breaking,4937
2-25292-A-22_clapping.wav,clapping,4966
2-25293-A-22_clapping.wav,clapping,5000
2-262579-A-45_train.wav,train,5000
2-28314-A-12_crackling-fire.wav,crackling-fire,4996
2-28314-B-12_crackling-fire.wav,crackling-fire,4879
2-30322-A-12_crackling-fire.wav,crackling-fire,4996
2-30322-B-12_crackling-fire.wav,crackling-fire,4998
2-32515-A-4_frog.wav,frog,4999
2-32515-B-4_frog.wav,frog,5000
2-32515-C-4_frog.wav,frog,5000
2-32515-D-4_frog.wav,frog,5000
2-32834-A-4_frog.wav,frog,5000
2-37806-A-40_helicopter.wav,helicopter,5000
2-37806-B-40_helicopter.wav,helicopter,5000
2-37806-C-40_helicopter.wav,helicopter,5000
2-37806-D-40_helicopter.wav,helicopter,5000
2-37870-A-2_pig.wav,pig,4997
2-39441-A-19_thunderstorm.wav,thunderstorm,4645
2-39443-A-19_thunderstorm.wav,thunderstorm,3801
2-39443-B-19_thunderstorm.wav,thunderstorm,4409
2-39945-A-19_thunderstorm.wav,thunderstorm,4995
2-39945-B-19_thunderstorm.wav,thunderstorm,4986
2-39945-C-19_thunderstorm.wav,thunderstorm,5000
2-42101-A-43_car-horn.wav,car-horn,5000
2-43802-A-42_siren.wav,siren,5000
2-43806-A-42_siren.wav,siren,5000
2-50665-A-20_crying-baby.wav,crying-baby,4958
2-50666-A-20_crying-baby.wav,crying-baby,4946
2-50667-A-41_chainsaw.wav,chainsaw,5000
2-50667-B-41_chainsaw.wav,chainsaw,4999
2-50668-A-41_chainsaw.wav,chainsaw,5000
2-50668-B-41_chainsaw.wav,chainsaw,5000
2-50774-A-23_breathing.wav,breathing,4956
2-51173-A-35_washing-machine.wav,washing-machine,5000
2-51630-A-49_hand-saw.wav,hand-saw,5000
2-51630-B-49_hand-saw.wav,hand-saw,5000
2-52001-A-28_snoring.wav,snoring,4994
2-52001-B-28_snoring.wav,snoring,4990
2-52085-A-4_frog.wav,frog,4943
2-52085-B-4_frog.wav,frog,4999
2-52789-A-4_frog.wav,frog,5000
2-54086-A-43_car-horn.wav,car-horn,5000
2-54961-A-23_breathing.wav,breathing,5000
2-54962-A-23_breathing.wav,breathing,4955
2-56926-A-46_church-bells.wav,church-bells,5000
2-57191-A-46_church-bells.wav,church-bells,5000
2-57733-A-22_clapping.wav,clapping,5000
2-59241-A-35_washing-machine.wav,washing-machine,5000
2-59321-A-49_hand-saw.wav,hand-saw,5000
2-59565-A-46_church-bells.wav,church-bells,5000
2-59566-A-46_church-bells.wav,church-bells,5000
2-60180-A-49_hand-saw.wav,hand-saw,5000
2-60180-B-49_hand-saw.wav,hand-saw,5000
2-60791-A-26_laughing.wav,laughing,5000
2-60794-A-26_laughing.wav,laughing,5000
2-60795-A-26_laughing.wav,laughing,5000
2-60900-A-22_clapping.wav,clapping,4988
2-61311-A-12_crackling-fire.wav,crackling-fire,4969
2-61618-A-46_church-bells.wav,church-bells,5000
2-62226-A-26_laughing.wav,laughing,5000
2-64332-A-18_toilet-flush.wav,toilet-flush,5000
2-64962-A-15_water-drops.wav,water-drops,4932
2-64963-A-15_water-drops.wav,water-drops,4757
2-65484-A-18_toilet-flush.wav,toilet-flush,4834
2-65747-A-12_crackling-fire.wav,crackling-fire,5000
2-65750-A-1_rooster.wav,rooster,5000
2-66205-A-23_breathing.wav,breathing,4997
2-66637-A-20_crying-baby.wav,crying-baby,4329
2-66637-B-20_crying-baby.wav,crying-baby,4507
2-67422-A-18_toilet-flush.wav,toilet-flush,5000
2-68391-A-41_chainsaw.wav,chainsaw,4935
2-68391-B-41_chainsaw.wav,chainsaw,5000
2-68595-A-15_water-drops.wav,water-drops,4654
2-68595-B-15_water-drops.wav,water-drops,4716
2-69131-A-5_cat.wav,cat,5000
2-69131-B-5_cat.wav,cat,5000
2-70052-A-42_siren.wav,siren,5000
2-70052-B-42_siren.wav,siren,5000
2-70280-A-18_toilet-flush.wav,toilet-flush,5000
2-70344-A-33_door-wood-creaks.wav,door-wood-creaks,5000
2-70366-A-33_door-wood-creaks.wav,door-wood-creaks,4995
2-70367-A-33_door-wood-creaks.wav,door-wood-creaks,4989
2-70936-A-42_siren.wav,siren,5000
2-70938-A-42_siren.wav,siren,5000
2-70939-A-42_siren.wav,siren,5000
2-71162-A-1_rooster.wav,rooster,3816
2-72268-A-6_hen.wav,hen,5000
2-72547-A-14_chirping-birds.wav,chirping-birds,4983
2-72547-B-14_chirping-birds.wav,chirping-birds,3856
2-72547-C-14_chirping-birds.wav,chirping-birds,4821
2-72547-D-14_chirping-birds.wav,chirping-birds,4168
2-72677-A-18_toilet-flush.wav,toilet-flush,4882
2-72688-A-42_siren.wav,siren,5000
2-72970-A-10_rain.wav,rain,5000
2-73027-A-10_rain.wav,rain,5000
2-7321-A-33_door-wood-creaks.wav,door-wood-creaks,5000
2-73260-A-10_rain.wav,rain,4979
2-73544-A-27_brushing-teeth.wav,brushing-teeth,5000
2-74361-A-47_airplane.wav,airplane,5000
2-74977-A-18_toilet-flush.wav,toilet-flush,4896
2-75726-A-6_hen.wav,hen,5000
2-76408-A-22_clapping.wav,clapping,4805
2-76408-B-22_clapping.wav,clapping,4870
2-76408-C-22_clapping.wav,clapping,4988
2-76408-D-22_clapping.wav,clapping,5000
2-76868-A-6_hen.wav,hen,5000
2-77346-A-46_church-bells.wav,church-bells,4995
2-77347-A-46_church-bells.wav,church-bells,5000
2-77945-A-41_chainsaw.wav,chainsaw,4877
2-77945-B-41_chainsaw.wav,chainsaw,5000
2-78381-A-46_church-bells.wav,church-bells,4766
2-78562-A-37_clock-alarm.wav,clock-alarm,5000
2-78562-B-37_clock-alarm.wav,clock-alarm,5000
2-78651-A-44_engine.wav,engine,4998
2-78781-A-47_airplane.wav,airplane,5000
2-78799-A-47_airplane.wav,airplane,5000
2-79769-A-26_laughing.wav,laughing,5000
2-79775-A-26_laughing.wav,laughing,4980
2-80313-A-28_snoring.wav,snoring,5000
2-80482-A-20_crying-baby.wav,crying-baby,4683
2-80844-A-13_crickets.wav,crickets,4983
2-81112-A-34_can-opening.wav,can-opening,3488
2-81190-A-34_can-opening.wav,can-opening,4985
2-81270-A-1_rooster.wav,rooster,3033
2-81731-A-10_rain.wav,rain,4980
2-81970-A-7_insects.wav,insects,4998
2-81970-B-7_insects.wav,insects,4944
2-81970-C-7_insects.wav,insects,5000
2-82071-A-27_brushing-teeth.wav,brushing-teeth,5000
2-82077-A-7_insects.wav,insects,5000
2-82274-A-5_cat.wav,cat,3893
2-82274-B-5_cat.wav,cat,4928
2-82367-A-10_rain.wav,rain,5000
2-82455-A-23_breathing.wav,breathing,4999
2-82538-A-21_sneezing.wav,sneezing,4711
2-83270-A-13_crickets.wav,crickets,5000
2-83536-A-27_brushing-teeth.wav,brushing-teeth,5000
2-83667-A-34_can-opening.wav,can-opening,4966
2-83688-A-34_can-opening.wav,can-opening,5000
2-83934-A-5_cat.wav,cat,5000
2-83934-B-5_cat.wav,cat,4999
2-84693-A-49_hand-saw.wav,hand-saw,5000
2-84943-A-18_toilet-flush.wav,toilet-flush,4322
2-84965-A-23_breathing.wav,breathing,5000
2-85139-A-13_crickets.wav,crickets,4997
2-85292-A-24_coughing.wav,coughing,5000
2-85434-A-27_brushing-teeth.wav,brushing-teeth,5000
2-85471-A-34_can-opening.wav,can-opening,4366
2-85945-A-18_toilet-flush.wav,toilet-flush,4946
2-86160-A-27_brushing-teeth.wav,brushing-teeth,4990
2-87282-A-34_can-opening.wav,can-opening,4636
2-87412-A-24_coughing.wav,coughing,4761
2-87780-A-33_door-wood-creaks.wav,door-wood-creaks,4442
2-87781-A-10_rain.wav,rain,5000
2-87794-A-24_coughing.wav,coughing,5000
2-87795-A-24_coughing.wav,coughing,5000
2-87799-A-24_coughing.wav,coughing,5000
2-88724-A-38_clock-tick.wav,clock-tick,4585
2-89516-A-37_clock-alarm.wav,clock-alarm,4589
2-91912-A-33_door-wood-creaks.wav,door-wood-creaks,4905
2-91912-B-33_door-wood-creaks.wav,door-wood-creaks,4596
2-92627-A-27_brushing-teeth.wav,brushing-teeth,4977
2-92978-A-29_drinking-sipping.wav,drinking-sipping,4987
2-93030-A-21_sneezing.wav,sneezing,3612
2-94230-A-27_brushing-teeth.wav,brushing-teeth,5000
2-94807-A-29_drinking-sipping.wav,drinking-sipping,4998
2-95035-A-1_rooster.wav,rooster,4346
2-95258-A-1_rooster.wav,rooster,5000
2-95258-B-1_rooster.wav,rooster,4959
2-95567-A-23_breathing.wav,breathing,4863
2-96033-A-13_crickets.wav,crickets,5000
2-96063-A-37_clock-alarm.wav,clock-alarm,4839
2-96460-A-1_rooster.wav,rooster,4949
2-96654-A-47_airplane.wav,airplane,5000
2-96904-A-27_brushing-teeth.wav,brushing-teeth,3283
2-98392-A-23_breathing.wav,breathing,4996
2-98676-A-24_coughing.wav,coughing,4955
2-98866-A-47_airplane.wav,airplane,5000
2-99795-A-32_keyboard-typing.wav,keyboard-typing,4959
2-99796-A-32_keyboard-typing.wav,keyboard-typing,4961
2-99955-A-7_insects.wav,insects,4909
2-99955-B-7_insects.wav,insects,4922
2-99955-C-7_insects.wav,insects,4882
3-100018-A-18_toilet-flush.wav,toilet-flush,4533
3-100024-A-27_brushing-teeth.wav,brushing-teeth,5000
3-100024-B-27_brushing-teeth.wav,brushing-teeth,5000
3-101381-A-33_door-wood-creaks.wav,door-wood-creaks,5000
3-101381-B-33_door-wood-creaks.wav,door-wood-creaks,4998
3-102583-A-49_hand-saw.wav,hand-saw,4488
3-102583-B-49_hand-saw.wav,hand-saw,5000
3-102583-C-49_hand-saw.wav,hand-saw,5000
3-102908-A-4_frog.wav,frog,5000
3-103050-A-19_thunderstorm.wav,thunderstorm,4702
3-103051-A-19_thunderstorm.wav,thunderstorm,3634
3-103051-B-19_thunderstorm.wav,thunderstorm,1962
3-103051-C-19_thunderstorm.wav,thunderstorm,4959
3-103401-A-33_door-wood-creaks.wav,door-wood-creaks,4908
3-103401-B-33_door-wood-creaks.wav,door-wood-creaks,4746
3-103401-C-33_door-wood-creaks.wav,door-wood-creaks,4996
3-103401-D-33_door-wood-creaks.wav,door-wood-creaks,5000
3-103597-A-25_footsteps.wav,footsteps,5000
3-103598-A-25_footsteps.wav,footsteps,4995
3-103599-A-25_footsteps.wav,footsteps,5000
3-103599-B-25_footsteps.wav,footsteps,4988
3-104632-A-12_crackling-fire.wav,crackling-fire,4881
3-104761-A-7_insects.wav,insects,5000
3-104761-B-7_insects.wav,insects,5000
3-104958-A-12_crackling-fire.wav,crackling-fire,4703
3-105235-A-7_insects.wav,insects,5000
3-105236-A-7_insects.wav,insects,5000
3-107123-A-26_laughing.wav,laughing,5000
3-107219-A-1_rooster.wav,rooster,4999
3-108160-A-23_breathing.wav,breathing,5000
3-108451-A-17_pouring-water.wav,pouring-water,3928
3-108451-B-17_pouring-water.wav,pouring-water,4976
3-108677-A-18_toilet-flush.wav,toilet-flush,3330
3-108791-A-18_toilet-flush.wav,toilet-flush,4242
3-110536-A-26_laughing.wav,laughing,4893
3-110913-A-7_insects.wav,insects,5000
3-110913-B-7_insects.wav,insects,4999
3-110913-C-7_insects.wav,insects,5000
3-110913-D-7_insects.wav,insects,5000
3-111102-A-46_church-bells.wav,church-bells,5000
3-111102-B-46_church-bells.wav,church-bells,5000
3-112356-A-18_toilet-flush.wav,toilet-flush,4882
3-112397-A-9_crow.wav,crow,5000
3-112522-A-27_brushing-teeth.wav,brushing-teeth,4977
3-112557-A-23_breathing.wav,breathing,4980
3-112557-B-23_breathing.wav,breathing,4386
3-115382-A-44_engine.wav,engine,5000
3-115387-A-47_airplane.wav,airplane,4999
3-115387-B-47_airplane.wav,airplane,5000
3-115387-C-47_airplane.wav,airplane,5000
3-116135-A-1_rooster.wav,rooster,4989
3-117293-A-9_crow.wav,crow,4909
3-117504-A-16_wind.wav,wind,5000
3-117504-B-16_wind.wav,wind,5000
3-117793-A-37_clock-alarm.wav,clock-alarm,5000
3-117883-A-37_clock-alarm.wav,clock-alarm,4848
3-118059-A-18_toilet-flush.wav,toilet-flush,4957
3-118069-A-27_brushing-teeth.wav,brushing-teeth,5000
3-118069-B-27_brushing-teeth.wav,brushing-teeth,4995
3-118194-A-33_door-wood-creaks.wav,door-wood-creaks,4961
3-118487-A-26_laughing.wav,laughing,4999
3-118656-A-41_chainsaw.wav,chainsaw,5000
3-118657-A-41_chainsaw.wav,chainsaw,4997
3-118657-B-41_chainsaw.wav,chainsaw,5000
3-118658-A-41_chainsaw.wav,chainsaw,5000
3-118658-B-41_chainsaw.wav,chainsaw,5000
3-118972-A-41_chainsaw.wav,chainsaw,4743
3-118972-B-41_chainsaw.wav,chainsaw,5000
3-119120-A-48_fireworks.wav,fireworks,4834
3-119120-B-48_fireworks.wav,fireworks,4946
3-119120-C-48_fireworks.wav,fireworks,4787
3-119120-D-48_fireworks.wav,fireworks,4915
3-119120-E-48_fireworks.wav,fireworks,4998
3-119455-A-44_engine.wav,engine,5000
3-119459-A-26_laughing.wav,laughing,4914
3-120526-A-37_clock-alarm.wav,clock-alarm,4846
3-120526-B-37_clock-alarm.wav,clock-alarm,4926
3-120644-A-12_crackling-fire.wav,crackling-fire,4992
3-121348-A-9_crow.wav,crow,4656
3-122110-A-46_church-bells.wav,church-bells,5000
3-123086-A-28_snoring.wav,snoring,5000
3-123224-A-19_thunderstorm.wav,thunderstorm,4924
3-124376-A-3_cow.wav,cow,5000
3-124376-B-3_cow.wav,cow,5000
3-124600-A-19_thunderstorm.wav,thunderstorm,4191
3-124795-A-28_snoring.wav,snoring,4744
3-124925-A-9_crow.wav,crow,4999
3-124958-A-28_snoring.wav,snoring,5000
3-125418-A-24_coughing.wav,coughing,5000
3-125548-A-32_keyboard-typing.wav,keyboard-typing,4373
3-126113-A-26_laughing.wav,laughing,5000
3-126358-A-3_cow.wav,cow,5000
3-126358-B-3_cow.wav,cow,5000
3-126391-A-27_brushing-teeth.wav,brushing-teeth,5000
3-126391-B-27_brushing-teeth.wav,brushing-teeth,4982
3-127874-A-17_pouring-water.wav,pouring-water,4995
3-127890-A-9_crow.wav,crow,5000
3-127890-B-9_crow.wav,crow,5000
3-127890-C-9_crow.wav,crow,5000
3-128160-A-44_engine.wav,engine,4997
3-128512-A-47_airplane.wav,airplane,5000
3-128512-B-47_airplane.wav,airplane,5000
3-129264-A-9_crow.wav,crow,5000
3-129338-A-13_crickets.wav,crickets,4933
3-129678-A-13_crickets.wav,crickets,5000
3-130330-A-22_clapping.wav,clapping,5000
3-130998-A-28_snoring.wav,snoring,5000
3-130998-B-28_snoring.wav,snoring,4999
3-131943-A-37_clock-alarm.wav,clock-alarm,5000
3-132340-A-37_clock-alarm.wav,clock-alarm,5000
3-132601-A-24_coughing.wav,coughing,4821
3-132747-A-26_laughing.wav,laughing,5000
3-132830-A-32_keyboard-typing.wav,keyboard-typing,4174
3-132852-A-10_rain.wav,rain,5000
3-133977-A-29_drinking-sipping.wav,drinking-sipping,5000
3-134049-A-1_rooster.wav,rooster,4939
3-134699-A-16_wind.wav,wind,4998
3-134699-B-16_wind.wav,wind,5000
3-134699-C-16_wind.wav,wind,5000
3-134802-A-13_crickets.wav,crickets,5000
3-135469-A-35_washing-machine.wav,washing-machine,5000
3-135650-A-45_train.wav,train,5000
3-135650-B-45_train.wav,train,4998
3-136288-A-0_dog.wav,dog,5000
3-136451-A-45_train.wav,train,5000
3-136608-A-16_wind.wav,wind,5000
3-137152-A-1_rooster.wav,rooster,5000
3-138114-A-22_clapping.wav,clapping,5000
3-138212-A-45_train.wav,train,5000
3-139109-A-46_church-bells.wav,church-bells,5000
3-139331-A-27_brushing-teeth.wav,brushing-teeth,5000
3-139958-A-37_clock-alarm.wav,clock-alarm,5000
3-140199-A-8_sheep.wav,sheep,5000
3-140199-B-8_sheep.wav,sheep,5000
3-140199-C-8_sheep.wav,sheep,5000
3-140199-D-8_sheep.wav,sheep,5000
3-140323-A-29_drinking-sipping.wav,drinking-sipping,4656
3-140774-A-10_rain.wav,rain,4975
3-141240-A-44_engine.wav,engine,4905
3-141240-B-44_engine.wav,engine,4995
3-141559-A-45_train.wav,train,5000
3-141684-A-21_sneezing.wav,sneezing,4275
3-142005-A-10_rain.wav,rain,4861
3-142006-A-10_rain.wav,rain,5000
3-142349-A-17_pouring-water.wav,pouring-water,4277
3-142593-A-38_clock-tick.wav,clock-tick,4954
3-142601-A-21_sneezing.wav,sneezing,4188
3-142604-A-24_coughing.wav,coughing,5000
3-142605-A-21_sneezing.wav,sneezing,3997
3-143119-A-21_sneezing.wav,sneezing,3743
3-143560-A-47_airplane.wav,airplane,5000
3-143562-A-47_airplane.wav,airplane,4843
3-143929-A-10_rain.wav,rain,5000
3-143933-A-38_clock-tick.wav,clock-tick,4618
3-144028-A-0_dog.wav,dog,4990
3-144106-A-32_keyboard-typing.wav,keyboard-typing,5000
3-144120-A-32_keyboard-typing.wav,keyboard-typing,3622
3-144128-A-23_breathing.wav,breathing,5000
3-144128-B-23_breathing.wav,breathing,5000
3-144253-A-29_drinking-sipping.wav,drinking-sipping,4981
3-144259-A-29_drinking-sipping.wav,drinking-sipping,4997
3-144510-A-30_door-wood-knock.wav,door-wood-knock,4948
3-144692-A-21_sneezing.wav,sneezing,4573
3-144827-A-11_sea-waves.wav,sea-waves,5000
3-144827-B-11_sea-waves.wav,sea-waves,5000
3-144891-A-19_thunderstorm.wav,thunderstorm,5000
3-144891-B-19_thunderstorm.wav,thunderstorm,4737
3-145382-A-1_rooster.wav,rooster,4855
3-145387-A-29_drinking-sipping.wav,drinking-sipping,4813
3-145487-A-24_coughing.wav,coughing,4995
3-145577-A-43_car-horn.wav,car-horn,5000
3-145719-A-17_pouring-water.wav,pouring-water,3723
3-145774-A-12_crackling-fire.wav,crackling-fire,4971
3-146033-A-13_crickets.wav,crickets,4960
3-146186-A-44_engine.wav,engine,5000
3-146697-A-43_car-horn.wav,car-horn,5000
3-146873-A-24_coughing.wav,coughing,4877
3-146964-A-5_cat.wav,cat,4984
3-146965-A-5_cat.wav,cat,4973
3-146972-A-5_cat.wav,cat,4889
3-147342-A-34_can-opening.wav,can-opening,4993
3-147343-A-34_can-opening.wav,can-opening,4986
3-147965-A-12_crackling-fire.wav,crackling-fire,4996
3-148297-A-37_clock-alarm.wav,clock-alarm,4838
3-148330-A-21_sneezing.wav,sneezing,4913
3-148932-A-34_can-opening.wav,can-opening,4530
3-149042-A-24_coughing.wav,coughing,5000
3-149189-A-1_rooster.wav,rooster,3278
3-149448-A-17_pouring-water.wav,pouring-water,4938
3-149465-A-22_clapping.wav,clapping,5000
3-150231-A-21_sneezing.wav,sneezing,4753
3-150363-A-38_clock-tick.wav,clock-tick,4883
3-150979-A-40_helicopter.wav,helicopter,5000
3-150979-B-40_helicopter.wav,helicopter,4999
3-150979-C-40_helicopter.wav,helicopter,5000
3-151080-A-20_crying-baby.wav,crying-baby,5000
3-151081-A-20_crying-baby.wav,crying-baby,5000
3-151081-B-20_crying-baby.wav,crying-baby,4906
3-151089-A-30_door-wood-knock.wav,door-wood-knock,5000
3-151206-A-23_breathing.wav,breathing,4877
3-151212-A-24_coughing.wav,coughing,4903
3-151213-A-24_coughing.wav,coughing,4887
3-151255-A-28_snoring.wav,snoring,5000
3-151269-A-35_washing-machine.wav,washing-machine,5000
3-151273-A-35_washing-machine.wav,washing-machine,5000
3-151557-A-28_snoring.wav,snoring,4970
3-151557-B-28_snoring.wav,snoring,4995
3-152007-A-20_crying-baby.wav,crying-baby,4258
3-152007-B-20_crying-baby.wav,crying-baby,4963
3-152007-C-20_crying-baby.wav,crying-baby,4917
3-152007-D-20_crying-baby.wav,crying-baby,4934
3-152007-E-20_crying-baby.wav,crying-baby,5000
3-152020-A-36_vacuum-cleaner.wav,vacuum-cleaner,4776
3-152020-B-36_vacuum-cleaner.wav,vacuum-cleaner,5000
3-152020-C-36_vacuum-cleaner.wav,vacuum-cleaner,5000
3-152039-A-3_cow.wav,cow,5000
3-152039-B-3_cow.wav,cow,5000
3-152594-A-30_door-wood-knock.wav,door-wood-knock,4936
3-152912-A-26_laughing.wav,laughing,5000
3-152997-A-26_laughing.wav,laughing,5000
3-153057-A-43_car-horn.wav,car-horn,5000
3-153444-A-32_keyboard-typing.wav,keyboard-typing,4968
3-154378-A-30_door-wood-knock.wav,door-wood-knock,4959
3-154439-A-17_pouring-water.wav,pouring-water,4778
3-154758-A-44_engine.wav,engine,5000
3-154781-A-32_keyboard-typing.wav,keyboard-typing,4557
3-154926-A-40_helicopter.wav,helicopter,4189
3-154926-B-40_helicopter.wav,helicopter,4918
3-154957-A-1_rooster.wav,rooster,4996
3-155130-A-43_car-horn.wav,car-horn,4984
3-155234-A-43_car-horn.wav,car-horn,5000
3-155312-A-0_dog.wav,dog,4984
3-155556-A-31_mouse-click.wav,mouse-click,4926
3-155568-A-32_keyboard-typing.wav,keyboard-typing,4977
3-155570-A-32_keyboard-typing.wav,keyboard-typing,4999
3-155577-A-14_chirping-birds.wav,chirping-birds,5000
3-155578-A-14_chirping-birds.wav,chirping-birds,5000
3-155579-A-14_chirping-birds.wav,chirping-birds,5000
3-155583-A-14_chirping-birds.wav,chirping-birds,4999
3-155584-A-14_chirping-birds.wav,chirping-birds,4994
3-155642-A-11_sea-waves.wav,sea-waves,5000
3-155642-B-11_sea-waves.wav,sea-waves,5000
3-155659-A-34_can-opening.wav,can-opening,4997
3-155766-A-13_crickets.wav,crickets,4991
3-156391-A-35_washing-machine.wav,washing-machine,4999
3-156393-A-35_washing-machine.wav,washing-machine,5000
3-156558-A-21_sneezing.wav,sneezing,5000
3-156581-A-14_chirping-birds.wav,chirping-birds,5000
3-156581-B-14_chirping-birds.wav,chirping-birds,4913
3-156907-A-15_water-drops.wav,water-drops,4602
3-157149-A-10_rain.wav,rain,5000
3-157187-A-12_crackling-fire.wav,crackling-fire,4993
3-157487-A-10_rain.wav,rain,5000
3-157492-A-45_train.wav,train,5000
3-157615-A-10_rain.wav,rain,5000
3-157695-A-0_dog.wav,dog,4873
3-158056-A-31_mouse-click.wav,mouse-click,4392
3-158056-B-31_mouse-click.wav,mouse-click,4936
3-158476-A-12_crackling-fire.wav,crackling-fire,4976
3-159346-A-36_vacuum-cleaner.wav,vacuum-cleaner,5000
3-159346-B-36_vacuum-cleaner.wav,vacuum-cleaner,5000
3-159347-A-36_vacuum-cleaner.wav,vacuum-cleaner,5000
3-159347-B-36_vacuum-cleaner.wav,vacuum-cleaner,5000
3-159348-A-36_vacuum-cleaner.wav,vacuum-cleaner,5000
3-159445-A-45_train.wav,train,5000
3-159445-B-45_train.wav,train,5000
3-160119-A-15_water-drops.wav,water-drops,4971
3-160993-A-3_cow.wav,cow,5000
3-161010-A-43_car-horn.wav,car-horn,4999
3-161500-A-17_pouring-water.wav,pouring-water,5000
3-162786-A-13_crickets.wav,crickets,4997
3-163288-A-1_rooster.wav,rooster,2815
3-163459-A-0_dog.wav,dog,4695
3-163607-A-13_crickets.wav,crickets,5000
3-163607-B-13_crickets.wav,crickets,5000
3-163727-A-3_cow.wav,cow,5000
3-164120-A-11_sea-waves.wav,sea-waves,5000
3-164216-A-6_hen.wav,hen,4987
3-164216-B-6_hen.wav,hen,5000
3-164216-C-6_hen.wav,hen,4831
3-164592-A-15_water-drops.wav,water-drops,5000
3-164593-A-15_water-drops.wav,water-drops,4914
3-164594-A-15_water-drops.wav,water-drops,4902
3-164595-A-15_water-drops.wav,water-drops,4963
3-164630-A-11_sea-waves.wav,sea-waves,5000
3-164688-A-38_clock-tick.wav,clock-tick,4920
3-165856-A-41_chainsaw.wav,chainsaw,4173
3-166125-A-23_breathing.wav,breathing,3585
3-166125-B-23_breathing.wav,breathing,4102
3-166324-A-15_water-drops.wav,water-drops,4581
3-166326-A-15_water-drops.wav,water-drops,4764
3-166422-A-11_sea-waves.wav,sea-waves,4985
3-166546-A-34_can-opening.wav,can-opening,5000
3-166546-B-34_can-opening.wav,can-opening,4772
3-167096-A-31_mouse-click.wav,mouse-click,4560
3-169907-A-29_drinking-sipping.wav,drinking-sipping,4841
3-170002-A-34_can-opening.wav,can-opening,4865
3-170015-A-0_dog.wav,dog,3759
3-170312-A-31_mouse-click.wav,mouse-click,4930
3-170377-A-38_clock-tick.wav,clock-tick,4579
3-170383-A-38_clock-tick.wav,clock-tick,4871
3-170574-A-30_door-wood-knock.wav,door-wood-knock,4770
3-170851-A-31_mouse-click.wav,mouse-click,4949
3-171012-A-38_clock-tick.wav,clock-tick,4522
3-171041-A-38_clock-tick.wav,clock-tick,4971
3-171281-A-6_hen.wav,hen,4968
3-171937-A-34_can-opening.wav,can-opening,4746
3-172179-A-31_mouse-click.wav,mouse-click,4992
3-172881-A-48_fireworks.wav,fireworks,4917
3-172922-A-48_fireworks.wav,fireworks,4990
3-174840-A-43_car-horn.wav,car-horn,5000
3-174866-A-29_drinking-sipping.wav,drinking-sipping,4988
3-177082-A-22_clapping.wav,clapping,5000
3-177083-A-22_clapping.wav,clapping,5000
3-178096-A-6_hen.wav,hen,5000
3-180147-A-30_door-wood-knock.wav,door-wood-knock,5000
3-180256-A-0_dog.wav,dog,4538
3-180977-A-0_dog.wav,dog,4963
3-181132-A-14_chirping-birds.wav,chirping-birds,4526
3-181278-A-22_clapping.wav,clapping,5000
3-182023-A-30_door-wood-knock.wav,door-wood-knock,4446
3-182025-A-30_door-wood-knock.wav,door-wood-knock,4755
3-182710-A-35_washing-machine.wav,washing-machine,5000
3-182710-B-35_washing-machine.wav,washing-machine,5000
3-185313-A-31_mouse-click.wav,mouse-click,4849
3-185456-A-29_drinking-sipping.wav,drinking-sipping,4837
3-187549-A-6_hen.wav,hen,5000
3-187549-B-6_hen.wav,hen,5000
3-187710-A-11_sea-waves.wav,sea-waves,5000
3-188390-A-6_hen.wav,hen,5000
3-188726-A-35_washing-machine.wav,washing-machine,5000
3-193767-A-47_airplane.wav,airplane,5000
3-197408-A-8_sheep.wav,sheep,5000
3-197408-B-8_sheep.wav,sheep,5000
3-197408-C-8_sheep.wav,sheep,5000
3-197435-A-22_clapping.wav,clapping,4537
3-197435-B-22_clapping.wav,clapping,4737
3-203371-A-39_glass-breaking.wav,glass-breaking,5000
3-203373-A-39_glass-breaking.wav,glass-breaking,4998
3-203374-A-39_glass-breaking.wav,glass-breaking,4999
3-203375-A-39_glass-breaking.wav,glass-breaking,4988
3-203377-A-39_glass-breaking.wav,glass-breaking,4992
3-20861-A-8_sheep.wav,sheep,5000
3-208820-A-49_hand-saw.wav,hand-saw,5000
3-216280-A-39_glass-breaking.wav,glass-breaking,4692
3-216281-A-39_glass-breaking.wav,glass-breaking,4319
3-216284-A-39_glass-breaking.wav,glass-breaking,4235
3-233151-A-2_pig.wav,pig,5000
3-243726-A-43_car-horn.wav,car-horn,4844
3-246513-A-16_wind.wav,wind,5000
3-246513-B-16_wind.wav,wind,5000
3-249913-A-25_footsteps.wav,footsteps,4991
3-251617-A-48_fireworks.wav,fireworks,4769
3-253081-A-2_pig.wav,pig,4998
3-253084-A-2_pig.wav,pig,4823
3-253084-B-2_pig.wav,pig,4983
3-253084-C-2_pig.wav,pig,5000
3-253084-D-2_pig.wav,pig,5000
3-253084-E-2_pig.wav,pig,5000
3-257858-A-2_pig.wav,pig,4765
3-259622-A-44_engine.wav,engine,5000
3-51376-A-42_siren.wav,siren,5000
3-51731-A-42_siren.wav,siren,5000
3-51731-B-42_siren.wav,siren,5000
3-51909-A-42_siren.wav,siren,5000
3-51909-B-42_siren.wav,siren,5000
3-58772-A-42_siren.wav,siren,5000
3-62878-A-42_siren.wav,siren,5000
3-62878-B-42_siren.wav,siren,5000
3-65748-A-12_crackling-fire.wav,crackling-fire,4977
3-68630-A-40_helicopter.wav,helicopter,4998
3-68630-B-40_helicopter.wav,helicopter,5000
3-68630-C-40_helicopter.wav,helicopter,5000
3-70962-A-4_frog.wav,frog,4883
3-70962-B-4_frog.wav,frog,4912
3-70962-C-4_frog.wav,frog,5000
3-71964-A-4_frog.wav,frog,4633
3-71964-B-4_frog.wav,frog,4876
3-71964-C-4_frog.wav,frog,4779
3-83527-A-4_frog.wav,frog,4615
3-87936-A-46_church-bells.wav,church-bells,5000
3-87936-B-46_church-bells.wav,church-bells,5000
3-92637-A-18_toilet-flush.wav,toilet-flush,4661
3-93010-A-18_toilet-flush.wav,toilet-flush,4996
3-94342-A-25_footsteps.wav,footsteps,5000
3-94343-A-25_footsteps.wav,footsteps,5000
3-94344-A-25_footsteps.wav,footsteps,5000
3-94355-A-33_door-wood-creaks.wav,door-wood-creaks,4719
3-95694-A-5_cat.wav,cat,3720
3-95695-A-5_cat.wav,cat,4566
3-95695-B-5_cat.wav,cat,4730
3-95697-A-5_cat.wav,cat,4925
3-95698-A-5_cat.wav,cat,4951
3-96606-A-49_hand-saw.wav,hand-saw,5000
3-96606-B-49_hand-saw.wav,hand-saw,5000
3-97909-A-49_hand-saw.wav,hand-saw,5000
3-97909-B-49_hand-saw.wav,hand-saw,5000
3-98193-A-46_church-bells.wav,church-bells,5000
3-98771-A-18_toilet-flush.wav,toilet-flush,4997
3-98869-A-46_church-bells.wav,church-bells,5000
4-102844-A-49_hand-saw.wav,hand-saw,5000
4-102844-B-49_hand-saw.wav,hand-saw,5000
4-102844-C-49_hand-saw.wav,hand-saw,5000
4-102871-A-42_siren.wav,siren,5000
4-107117-A-33_door-wood-creaks.wav,door-wood-creaks,4986
4-107120-A-33_door-wood-creaks.wav,door-wood-creaks,4971
4-107122-A-33_door-wood-creaks.wav,door-wood-creaks,4955
4-108352-A-33_door-wood-creaks.wav,door-wood-creaks,4968
4-111671-A-42_siren.wav,siren,5000
4-111671-B-42_siren.wav,siren,5000
4-117627-A-25_footsteps.wav,footsteps,4993
4-117630-A-25_footsteps.wav,footsteps,5000
4-119647-A-48_fireworks.wav,fireworks,4339
4-119647-B-48_fireworks.wav,fireworks,4921
4-119647-C-48_fireworks.wav,fireworks,3242
4-119647-D-48_fireworks.wav,fireworks,4993
4-119648-A-48_fireworks.wav,fireworks,5000
4-119648-B-48_fireworks.wav,fireworks,5000
4-119648-C-48_fireworks.wav,fireworks,4987
4-119648-D-48_fireworks.wav,fireworks,4803
4-119720-A-18_toilet-flush.wav,toilet-flush,4591
4-120160-A-5_cat.wav,cat,5000
4-121532-A-42_siren.wav,siren,4999
4-123680-A-18_toilet-flush.wav,toilet-flush,4862
4-125070-A-19_thunderstorm.wav,thunderstorm,4712
4-125071-A-19_thunderstorm.wav,thunderstorm,3778
4-125072-A-19_thunderstorm.wav,thunderstorm,4259
4-125072-B-19_thunderstorm.wav,thunderstorm,4499
4-125825-A-46_church-bells.wav,church-bells,5000
4-125825-B-46_church-bells.wav,church-bells,5000
4-125929-A-40_helicopter.wav,helicopter,5000
4-126046-A-18_toilet-flush.wav,toilet-flush,4531
4-126532-A-18_toilet-flush.wav,toilet-flush,5000
4-128659-A-33_door-wood-creaks.wav,door-wood-creaks,4925
4-130584-A-4_frog.wav,frog,5000
4-130891-A-7_insects.wav,insects,4806
4-132383-A-2_pig.wav,pig,4996
4-132383-B-2_pig.wav,pig,5000
4-132803-A-26_laughing.wav,laughing,5000
4-132810-A-26_laughing.wav,laughing,5000
4-132816-A-26_laughing.wav,laughing,5000
4-132839-A-33_door-wood-creaks.wav,door-wood-creaks,5000
4-133047-A-5_cat.wav,cat,4991
4-133047-B-5_cat.wav,cat,5000
4-133047-C-5_cat.wav,cat,4989
4-133674-A-26_laughing.wav,laughing,5000
4-133895-A-7_insects.wav,insects,5000
4-135439-A-18_toilet-flush.wav,toilet-flush,4672
4-136381-A-9_crow.wav,crow,5000
4-138344-A-9_crow.wav,crow,4985
4-140034-A-46_church-bells.wav,church-bells,4917
4-141365-A-18_toilet-flush.wav,toilet-flush,4939
4-143118-A-7_insects.wav,insects,4999
4-143118-B-7_insects.wav,insects,5000
4-144083-A-16_wind.wav,wind,5000
4-144083-B-16_wind.wav,wind,5000
4-144083-C-16_wind.wav,wind,5000
4-144085-A-16_wind.wav,wind,5000
4-144468-A-27_brushing-teeth.wav,brushing-teeth,5000
4-144468-B-27_brushing-teeth.wav,brushing-teeth,5000
4-145006-A-18_toilet-flush.wav,toilet-flush,4996
4-145081-A-9_crow.wav,crow,5000
4-146200-A-36_vacuum-cleaner.wav,vacuum-cleaner,5000
4-147240-A-2_pig.wav,pig,4993
4-147240-B-2_pig.wav,pig,5000
4-147657-A-46_church-bells.wav,church-bells,5000
4-147658-A-46_church-bells.wav,church-bells,5000
4-149294-A-41_chainsaw.wav,chainsaw,5000
4-149294-B-41_chainsaw.wav,chainsaw,5000
4-149940-A-5_cat.wav,cat,5000
4-149940-B-5_cat.wav,cat,5000
4-150364-A-46_church-bells.wav,church-bells,5000
4-150364-B-46_church-bells.wav,church-bells,5000
4-151242-A-37_clock-alarm.wav,clock-alarm,4683
4-152958-A-18_toilet-flush.wav,toilet-flush,4773
4-152995-A-24_coughing.wav,coughing,5000
4-154405-A-27_brushing-teeth.wav,brushing-teeth,5000
4-154405-B-27_brushing-teeth.wav,brushing-teeth,4980
4-154443-A-24_coughing.wav,coughing,4976
4-154793-A-4_frog.wav,frog,5000
4-155650-A-24_coughing.wav,coughing,4794
4-155650-B-24_coughing.wav,coughing,5000
4-155670-A-26_laughing.wav,laughing,5000
4-156227-A-9_crow.wav,crow,4777
4-156827-A-46_church-bells.wav,church-bells,5000
4-156843-A-21_sneezing.wav,sneezing,4631
4-156844-A-21_sneezing.wav,sneezing,4884
4-156993-A-19_thunderstorm.wav,thunderstorm,4560
4-157296-A-24_coughing.wav,coughing,5000
4-157297-A-21_sneezing.wav,sneezing,4117
4-157611-A-41_chainsaw.wav,chainsaw,4996
4-157611-B-41_chainsaw.wav,chainsaw,5000
4-158653-A-32_keyboard-typing.wav,keyboard-typing,4837
4-159426-A-9_crow.wav,crow,5000
4-159609-A-14_chirping-birds.wav,chirping-birds,4991
4-159609-B-14_chirping-birds.wav,chirping-birds,4986
4-160036-A-33_door-wood-creaks.wav,door-wood-creaks,5000
4-160036-B-33_door-wood-creaks.wav,door-wood-creaks,5000
4-160999-A-10_rain.wav,rain,4955
4-161099-A-47_airplane.wav,airplane,5000
4-161099-B-47_airplane.wav,airplane,5000
4-161100-A-47_airplane.wav,airplane,5000
4-161103-A-47_airplane.wav,airplane,5000
4-161105-A-47_airplane.wav,airplane,4999
4-161105-B-47_airplane.wav,airplane,5000
4-161127-A-10_rain.wav,rain,5000
4-161303-A-5_cat.wav,cat,4903
4-161303-B-5_cat.wav,cat,4892
4-161519-A-19_thunderstorm.wav,thunderstorm,5000
4-161579-A-40_helicopter.wav,helicopter,1815
4-161579-B-40_helicopter.wav,helicopter,5000
4-163264-A-10_rain.wav,rain,5000
4-163606-A-16_wind.wav,wind,5000
4-163608-B-16_wind.wav,wind,5000
4-163609-A-16_wind.wav,wind,5000
4-163609-B-16_wind.wav,wind,5000
4-163697-A-13_crickets.wav,crickets,4953
4-164021-A-1_rooster.wav,rooster,3510
4-164064-A-1_rooster.wav,rooster,4752
4-164064-B-1_rooster.wav,rooster,4811
4-164064-C-1_rooster.wav,rooster,4336
4-164206-A-10_rain.wav,rain,5000
4-164243-A-26_laughing.wav,laughing,4999
4-164661-A-12_crackling-fire.wav,crackling-fire,5000
4-164661-B-12_crackling-fire.wav,crackling-fire,5000
4-164859-A-1_rooster.wav,rooster,4610
4-165606-A-45_train.wav,train,5000
4-165791-A-45_train.wav,train,5000
4-165791-B-45_train.wav,train,5000
4-165813-A-19_thunderstorm.wav,thunderstorm,4919
4-165813-B-19_thunderstorm.wav,thunderstorm,5000
4-165823-A-41_chainsaw.wav,chainsaw,5000
4-165823-B-41_chainsaw.wav,chainsaw,4999
4-165845-A-45_train.wav,train,5000
4-165845-B-45_train.wav,train,5000
4-165933-A-45_train.wav,train,5000
4-166661-A-10_rain.wav,rain,5000
4-167063-A-11_sea-waves.wav,sea-waves,5000
4-167063-B-11_sea-waves.wav,sea-waves,5000
4-167063-C-11_sea-waves.wav,sea-waves,5000
4-167077-A-20_crying-baby.wav,crying-baby,4982
4-167077-B-20_crying-baby.wav,crying-baby,4943
4-167077-C-20_crying-baby.wav,crying-baby,5000
4-167155-A-32_keyboard-typing.wav,keyboard-typing,4972
4-167571-A-26_laughing.wav,laughing,5000
4-167642-A-21_sneezing.wav,sneezing,4992
4-168155-A-15_water-drops.wav,water-drops,4879
4-168446-A-45_train.wav,train,5000
4-168868-A-17_pouring-water.wav,pouring-water,4999
4-169127-A-41_chainsaw.wav,chainsaw,5000
4-169127-B-41_chainsaw.wav,chainsaw,5000
4-169508-A-37_clock-alarm.wav,clock-alarm,5000
4-169726-A-24_coughing.wav,coughing,4998
4-170078-A-1_rooster.wav,rooster,4948
4-170247-A-12_crackling-fire.wav,crackling-fire,5000
4-170247-B-12_crackling-fire.wav,crackling-fire,5000
4-171207-A-12_crackling-fire.wav,crackling-fire,5000
4-171396-A-24_coughing.wav,coughing,5000
4-171519-A-21_sneezing.wav,sneezing,4864
4-171652-A-44_engine.wav,engine,5000
4-171706-A-23_breathing.wav,breathing,5000
4-171823-A-13_crickets.wav,crickets,5000
4-172143-A-13_crickets.wav,crickets,4964
4-172180-A-32_keyboard-typing.wav,keyboard-typing,5000
4-172366-A-37_clock-alarm.wav,clock-alarm,5000
4-172377-A-17_pouring-water.wav,pouring-water,4850
4-172500-A-27_brushing-teeth.wav,brushing-teeth,4989
4-172500-B-27_brushing-teeth.wav,brushing-teeth,4997
4-172500-C-27_brushing-teeth.wav,brushing-teeth,5000
4-172500-D-27_brushing-teeth.wav,brushing-teeth,4996
4-172732-A-36_vacuum-cleaner.wav,vacuum-cleaner,5000
4-172733-A-36_vacuum-cleaner.wav,vacuum-cleaner,5000
4-172734-A-36_vacuum-cleaner.wav,vacuum-cleaner,5000
4-172736-A-36_vacuum-cleaner.wav,vacuum-cleaner,5000
4-172736-B-36_vacuum-cleaner.wav,vacuum-cleaner,5000
4-172742-A-32_keyboard-typing.wav,keyboard-typing,4995
4-173865-A-9_crow.wav,crow,4999
4-173865-B-9_crow.wav,crow,5000
4-174797-A-15_water-drops.wav,water-drops,4127
4-174860-A-3_cow.wav,cow,5000
4-174860-B-3_cow.wav,cow,5000
4-175000-A-40_helicopter.wav,helicopter,5000
4-175000-B-40_helicopter.wav,helicopter,5000
4-175000-C-40_helicopter.wav,helicopter,5000
4-175025-A-34_can-opening.wav,can-opening,4711
4-175845-A-43_car-horn.wav,car-horn,5000
4-175846-A-43_car-horn.wav,car-horn,4943
4-175855-A-43_car-horn.wav,car-horn,4970
4-175856-A-43_car-horn.wav,car-horn,5000
4-175945-A-38_clock-tick.wav,clock-tick,4829
4-176631-A-43_car-horn.wav,car-horn,5000
4-176638-A-43_car-horn.wav,car-horn,4998
4-176914-A-23_breathing.wav,breathing,4987
4-177243-A-32_keyboard-typing.wav,keyboard-typing,4473
4-177250-A-10_rain.wav,rain,5000
4-177835-A-24_coughing.wav,coughing,4909
4-178402-A-43_car-horn.wav,car-horn,4898
4-178881-A-45_train.wav,train,5000
4-179836-A-34_can-opening.wav,can-opening,4844
4-179984-A-38_clock-tick.wav,clock-tick,4111
4-180337-A-28_snoring.wav,snoring,5000
4-180380-A-10_rain.wav,rain,5000
4-180453-A-17_pouring-water.wav,pouring-water,4966
4-181035-A-38_clock-tick.wav,clock-tick,4888
4-181286-A-10_rain.wav,rain,5000
4-181362-A-13_crickets.wav,crickets,5000
4-181563-A-12_crackling-fire.wav,crackling-fire,5000
4-181599-A-26_laughing.wav,laughing,5000
4-181628-A-17_pouring-water.wav,pouring-water,5000
4-181707-A-32_keyboard-typing.wav,keyboard-typing,4983
4-181708-A-32_keyboard-typing.wav,keyboard-typing,4993
4-181865-A-38_clock-tick.wav,clock-tick,4955
4-181955-A-3_cow.wav,cow,5000
4-181955-B-3_cow.wav,cow,4999
4-181955-C-3_cow.wav,cow,5000
4-181999-A-36_vacuum-cleaner.wav,vacuum-cleaner,5000
4-182034-A-30_door-wood-knock.wav,door-wood-knock,4324
4-182039-A-30_door-wood-knock.wav,door-wood-knock,4950
4-182041-A-30_door-wood-knock.wav,door-wood-knock,4917
4-182314-A-7_insects.wav,insects,5000
4-182314-B-7_insects.wav,insects,5000
4-182368-A-12_crackling-fire.wav,crackling-fire,4897
4-182369-A-12_crackling-fire.wav,crackling-fire,4998
4-182395-A-0_dog.wav,dog,4291
4-182613-A-11_sea-waves.wav,sea-waves,5000
4-182613-B-11_sea-waves.wav,sea-waves,5000
4-182795-A-14_chirping-birds.wav,chirping-birds,4967
4-182839-A-17_pouring-water.wav,pouring-water,4998
4-183487-A-1_rooster.wav,rooster,4271
4-183882-A-28_snoring.wav,snoring,4994
4-183882-B-28_snoring.wav,snoring,4997
4-183992-A-0_dog.wav,dog,4318
4-184235-A-28_snoring.wav,snoring,3342
4-184237-A-28_snoring.wav,snoring,4995
4-184434-A-21_sneezing.wav,sneezing,986
4-184575-A-0_dog.wav,dog,4729
4-185415-A-21_sneezing.wav,sneezing,4797
4-185575-A-20_crying-baby.wav,crying-baby,4921
4-185575-B-20_crying-baby.wav,crying-baby,5000
4-185575-C-20_crying-baby.wav,crying-baby,4986
4-185613-A-32_keyboard-typing.wav,keyboard-typing,4953
4-185619-A-21_sneezing.wav,sneezing,3911
4-186518-A-30_door-wood-knock.wav,door-wood-knock,4500
4-186693-A-17_pouring-water.wav,pouring-water,4973
4-186935-A-44_engine.wav,engine,5000
4-186936-A-44_engine.wav,engine,5000
4-186938-A-44_engine.wav,engine,5000
4-186940-A-44_engine.wav,engine,5000
4-186962-A-44_engine.wav,engine,5000
4-187284-A-30_door-wood-knock.wav,door-wood-knock,4246
4-187384-A-34_can-opening.wav,can-opening,4996
4-187504-A-17_pouring-water.wav,pouring-water,4313
4-187504-B-17_pouring-water.wav,pouring-water,5000
4-187769-A-14_chirping-birds.wav,chirping-birds,5000
4-187769-B-14_chirping-birds.wav,chirping-birds,5000
4-188003-A-34_can-opening.wav,can-opening,4433
4-188033-A-38_clock-tick.wav,clock-tick,4842
4-188191-A-29_drinking-sipping.wav,drinking-sipping,4764
4-188191-B-29_drinking-sipping.wav,drinking-sipping,5000
4-188191-C-29_drinking-sipping.wav,drinking-sipping,4985
4-188287-A-9_crow.wav,crow,4954
4-188293-A-15_water-drops.wav,water-drops,4712
4-188293-B-15_water-drops.wav,water-drops,4211
4-188595-A-29_drinking-sipping.wav,drinking-sipping,4968
4-188703-A-8_sheep.wav,sheep,5000
4-188703-B-8_sheep.wav,sheep,5000
4-188703-C-8_sheep.wav,sheep,4999
4-188703-D-8_sheep.wav,sheep,4996
4-188878-A-30_door-wood-knock.wav,door-wood-knock,4706
4-189332-A-37_clock-alarm.wav,clock-alarm,5000
4-189828-A-22_clapping.wav,clapping,5000
4-189830-A-22_clapping.wav,clapping,5000
4-189832-A-22_clapping.wav,clapping,5000
4-189832-B-22_clapping.wav,clapping,5000
4-189833-A-22_clapping.wav,clapping,5000
4-189836-A-22_clapping.wav,clapping,5000
4-189838-A-22_clapping.wav,clapping,5000
4-191015-A-43_car-horn.wav,car-horn,5000
4-191246-A-7_insects.wav,insects,4995
4-191246-B-7_insects.wav,insects,5000
4-191297-A-28_snoring.wav,snoring,5000
4-191327-A-38_clock-tick.wav,clock-tick,4620
4-191687-A-0_dog.wav,dog,4727
4-192068-A-31_mouse-click.wav,mouse-click,4845
4-192236-A-0_dog.wav,dog,4367
4-193480-A-40_helicopter.wav,helicopter,5000
4-193480-B-40_helicopter.wav,helicopter,5000
4-194246-A-13_crickets.wav,crickets,4996
4-194680-A-36_vacuum-cleaner.wav,vacuum-cleaner,5000
4-194711-A-38_clock-tick.wav,clock-tick,4881
4-194754-A-0_dog.wav,dog,4656
4-194808-A-29_drinking-sipping.wav,drinking-sipping,4999
4-194979-A-25_footsteps.wav,footsteps,5000
4-194981-A-25_footsteps.wav,footsteps,4994
4-195305-A-31_mouse-click.wav,mouse-click,4634
4-195451-A-44_engine.wav,engine,5000
4-195497-A-11_sea-waves.wav,sea-waves,5000
4-195497-B-11_sea-waves.wav,sea-waves,4993
4-195707-A-13_crickets.wav,crickets,5000
4-195805-A-13_crickets.wav,crickets,5000
4-196671-A-8_sheep.wav,sheep,4960
4-196671-B-8_sheep.wav,sheep,5000
4-196672-A-8_sheep.wav,sheep,5000
4-197103-A-6_hen.wav,hen,5000
4-197454-A-28_snoring.wav,snoring,5000
4-197454-B-28_snoring.wav,snoring,3210
4-197871-A-15_water-drops.wav,water-drops,4616
4-198025-A-23_breathing.wav,breathing,4987
4-198360-A-49_hand-saw.wav,hand-saw,5000
4-198360-B-49_hand-saw.wav,hand-saw,5000
4-198360-C-49_hand-saw.wav,hand-saw,5000
4-198841-A-37_clock-alarm.wav,clock-alarm,5000
4-198962-A-25_footsteps.wav,footsteps,4744
4-198962-B-25_footsteps.wav,footsteps,4983
4-198965-A-38_clock-tick.wav,clock-tick,4964
4-199261-A-0_dog.wav,dog,4923
4-200330-A-6_hen.wav,hen,5000
4-200330-B-6_hen.wav,hen,4951
4-201300-A-31_mouse-click.wav,mouse-click,4582
4-201800-A-31_mouse-click.wav,mouse-click,4982
4-201988-A-44_engine.wav,engine,4999
4-202298-A-31_mouse-click.wav,mouse-click,4908
4-202749-A-13_crickets.wav,crickets,3923
4-204115-A-39_glass-breaking.wav,glass-breaking,4935
4-204119-A-39_glass-breaking.wav,glass-breaking,4983
4-204121-A-39_glass-breaking.wav,glass-breaking,4970
4-204123-A-39_glass-breaking.wav,glass-breaking,4986
4-204202-A-29_drinking-sipping.wav,drinking-sipping,4829
4-204612-A-31_mouse-click.wav,mouse-click,4712
4-204618-A-11_sea-waves.wav,sea-waves,5000
4-204683-A-31_mouse-click.wav,mouse-click,4484
4-204684-A-37_clock-alarm.wav,clock-alarm,5000
4-204777-A-39_glass-breaking.wav,glass-breaking,5000
4-204777-B-39_glass-breaking.wav,glass-breaking,5000
4-204777-C-39_glass-breaking.wav,glass-breaking,5000
4-204830-A-6_hen.wav,hen,4874
4-205526-A-23_breathing.wav,breathing,4987
4-205526-B-23_breathing.wav,breathing,4997
4-205738-A-22_clapping.wav,clapping,5000
4-207116-A-23_breathing.wav,breathing,4879
4-207124-A-0_dog.wav,dog,4933
4-208021-A-1_rooster.wav,rooster,4968
4-209536-A-37_clock-alarm.wav,clock-alarm,5000
4-209698-A-37_clock-alarm.wav,clock-alarm,5000
4-210000-A-23_breathing.wav,breathing,4101
4-210000-B-23_breathing.wav,breathing,4929
4-210309-A-31_mouse-click.wav,mouse-click,4949
4-210593-A-29_drinking-sipping.wav,drinking-sipping,4430
4-211502-A-30_door-wood-knock.wav,door-wood-knock,5000
4-212604-A-15_water-drops.wav,water-drops,5000
4-212604-B-15_water-drops.wav,water-drops,4962
4-212604-C-15_water-drops.wav,water-drops,4816
4-212698-A-39_glass-breaking.wav,glass-breaking,4492
4-212728-A-34_can-opening.wav,can-opening,4929
4-213193-A-29_drinking-sipping.wav,drinking-sipping,4182
4-213915-A-3_cow.wav,cow,5000
4-213915-B-3_cow.wav,cow,5000
4-213915-C-3_cow.wav,cow,5000
4-215635-A-34_can-opening.wav,can-opening,4827
4-216211-A-14_chirping-birds.wav,chirping-birds,5000
4-216349-A-34_can-opening.wav,can-opening,3898
4-218199-A-35_washing-machine.wav,washing-machine,5000
4-218199-B-35_washing-machine.wav,washing-machine,5000
4-218199-C-35_washing-machine.wav,washing-machine,5000
4-218199-D-35_washing-machine.wav,washing-machine,5000
4-218199-E-35_washing-machine.wav,washing-machine,4998
4-218199-F-35_washing-machine.wav,washing-machine,5000
4-218199-G-35_washing-machine.wav,washing-machine,5000
4-218199-H-35_washing-machine.wav,washing-machine,5000
4-218304-A-25_footsteps.wav,footsteps,4999
4-218304-B-25_footsteps.wav,footsteps,4995
4-223125-A-14_chirping-birds.wav,chirping-birds,5000
4-223127-A-14_chirping-birds.wav,chirping-birds,4940
4-232495-A-6_hen.wav,hen,5000
4-234644-A-2_pig.wav,pig,4998
4-234879-A-6_hen.wav,hen,4952
4-244318-A-6_hen.wav,hen,4930
4-250864-A-8_sheep.wav,sheep,5000
4-250869-A-2_pig.wav,pig,5000
4-250869-B-2_pig.wav,pig,5000
4-250869-C-2_pig.wav,pig,5000
4-251645-A-49_hand-saw.wav,hand-saw,5000
4-251645-B-49_hand-saw.wav,hand-saw,4997
4-251959-A-47_airplane.wav,airplane,5000
4-253649-A-6_hen.wav,hen,5000
4-255371-A-47_airplane.wav,airplane,5000
4-261068-A-30_door-wood-knock.wav,door-wood-knock,4160
4-264453-A-34_can-opening.wav,can-opening,4975
4-59579-A-20_crying-baby.wav,crying-baby,4698
4-59579-B-20_crying-baby.wav,crying-baby,4970
4-67358-A-42_siren.wav,siren,5000
4-80761-A-42_siren.wav,siren,5000
4-90014-A-42_siren.wav,siren,5000
4-90014-B-42_siren.wav,siren,5000
4-99193-A-4_frog.wav,frog,4986
4-99193-B-4_frog.wav,frog,5000
4-99644-A-4_frog.wav,frog,4964
4-99644-B-4_frog.wav,frog,5000
4-99644-C-4_frog.wav,frog,4996
4-99644-D-4_frog.wav,frog,4998
5-103415-A-2_pig.wav,pig,5000
5-103416-A-2_pig.wav,pig,5000
5-103418-A-2_pig.wav,pig,5000
5-103420-A-2_pig.wav,pig,5000
5-103421-A-2_pig.wav,pig,5000
5-103422-A-2_pig.wav,pig,5000
5-117118-A-42_siren.wav,siren,5000
5-117120-A-42_siren.wav,siren,4911
5-117122-A-42_siren.wav,siren,4880
5-117250-A-2_pig.wav,pig,5000
5-117773-A-16_wind.wav,wind,5000
5-127990-A-2_pig.wav,pig,5000
5-133989-A-42_siren.wav,siren,5000
5-133989-B-42_siren.wav,siren,5000
5-141683-A-35_washing-machine.wav,washing-machine,5000
5-147297-A-27_brushing-teeth.wav,brushing-teeth,4515
5-150409-A-42_siren.wav,siren,5000
5-151085-A-20_crying-baby.wav,crying-baby,5000
5-156026-A-4_frog.wav,frog,4987
5-156026-B-4_frog.wav,frog,4567
5-156026-C-4_frog.wav,frog,4614
5-156026-D-4_frog.wav,frog,4790
5-156698-A-18_toilet-flush.wav,toilet-flush,4893
5-156999-A-19_thunderstorm.wav,thunderstorm,5000
5-156999-B-19_thunderstorm.wav,thunderstorm,4997
5-156999-C-19_thunderstorm.wav,thunderstorm,5000
5-156999-D-19_thunderstorm.wav,thunderstorm,5000
5-156999-E-19_thunderstorm.wav,thunderstorm,5000
5-157204-A-16_wind.wav,wind,5000
5-157204-B-16_wind.wav,wind,5000
5-160551-A-42_siren.wav,siren,5000
5-160614-A-48_fireworks.wav,fireworks,4975
5-160614-B-48_fireworks.wav,fireworks,5000
5-160614-C-48_fireworks.wav,fireworks,4882
5-160614-D-48_fireworks.wav,fireworks,5000
5-160614-E-48_fireworks.wav,fireworks,4989
5-160614-F-48_fireworks.wav,fireworks,4997
5-160614-G-48_fireworks.wav,fireworks,5000
5-160614-H-48_fireworks.wav,fireworks,4999
5-161270-A-33_door-wood-creaks.wav,door-wood-creaks,5000
5-161270-B-33_door-wood-creaks.wav,door-wood-creaks,5000
5-169983-A-5_cat.wav,cat,4995
5-170338-A-41_chainsaw.wav,chainsaw,5000
5-170338-B-41_chainsaw.wav,chainsaw,5000
5-171118-A-26_laughing.wav,laughing,4999
5-171653-A-41_chainsaw.wav,chainsaw,4699
5-172299-A-5_cat.wav,cat,5000
5-172639-A-5_cat.wav,cat,5000
5-173568-A-33_door-wood-creaks.wav,door-wood-creaks,4997
5-177034-A-18_toilet-flush.wav,toilet-flush,3651
5-177614-A-5_cat.wav,cat,5000
5-177779-A-33_door-wood-creaks.wav,door-wood-creaks,4922
5-177957-A-40_helicopter.wav,helicopter,4996
5-177957-B-40_helicopter.wav,helicopter,5000
5-177957-C-40_helicopter.wav,helicopter,5000
5-177957-D-40_helicopter.wav,helicopter,5000
5-177957-E-40_helicopter.wav,helicopter,5000
5-178997-A-24_coughing.wav,coughing,4987
5-179294-A-46_church-bells.wav,church-bells,5000
5-179496-A-16_wind.wav,wind,5000
5-179496-B-16_wind.wav,wind,5000
5-179860-A-43_car-horn.wav,car-horn,5000
5-179863-A-43_car-horn.wav,car-horn,4983
5-179865-A-43_car-horn.wav,car-horn,5000
5-179866-A-43_car-horn.wav,car-horn,4994
5-179868-A-43_car-horn.wav,car-horn,5000
5-180156-A-43_car-horn.wav,car-horn,5000
5-180156-B-43_car-horn.wav,car-horn,5000
5-180156-C-43_car-horn.wav,car-horn,5000
5-180229-A-27_brushing-teeth.wav,brushing-teeth,5000
5-181458-A-33_door-wood-creaks.wav,door-wood-creaks,5000
5-181766-A-10_rain.wav,rain,5000
5-181977-A-35_washing-machine.wav,washing-machine,4705
5-182007-A-36_vacuum-cleaner.wav,vacuum-cleaner,5000
5-182010-A-36_vacuum-cleaner.wav,vacuum-cleaner,5000
5-182012-A-36_vacuum-cleaner.wav,vacuum-cleaner,5000
5-182404-A-18_toilet-flush.wav,toilet-flush,4145
5-184323-A-42_siren.wav,siren,5000
5-184871-A-24_coughing.wav,coughing,4870
5-185516-A-27_brushing-teeth.wav,brushing-teeth,4959
5-185579-A-41_chainsaw.wav,chainsaw,4999
5-185579-B-41_chainsaw.wav,chainsaw,5000
5-185908-A-18_toilet-flush.wav,toilet-flush,4936
5-186924-A-12_crackling-fire.wav,crackling-fire,5000
5-187201-A-4_frog.wav,frog,5000
5-187201-B-4_frog.wav,frog,5000
5-187444-A-33_door-wood-creaks.wav,door-wood-creaks,5000
5-187979-A-21_sneezing.wav,sneezing,4383
5-188365-A-36_vacuum-cleaner.wav,vacuum-cleaner,5000
5-188495-A-19_thunderstorm.wav,thunderstorm,4913
5-188606-A-33_door-wood-creaks.wav,door-wood-creaks,4986
5-188655-A-10_rain.wav,rain,5000
5-188716-A-46_church-bells.wav,church-bells,5000
5-188796-A-45_train.wav,train,5000
5-188945-A-45_train.wav,train,5000
5-189212-A-12_crackling-fire.wav,crackling-fire,5000
5-189237-A-12_crackling-fire.wav,crackling-fire,4343
5-189795-A-4_frog.wav,frog,5000
5-191131-A-40_helicopter.wav,helicopter,5000
5-191497-A-33_door-wood-creaks.wav,door-wood-creaks,4933
5-192191-A-19_thunderstorm.wav,thunderstorm,4935
5-193339-A-10_rain.wav,rain,5000
5-193473-A-12_crackling-fire.wav,crackling-fire,4896
5-193473-B-12_crackling-fire.wav,crackling-fire,4684
5-194533-A-21_sneezing.wav,sneezing,4804
5-194892-A-10_rain.wav,rain,5000
5-194899-A-3_cow.wav,cow,4629
5-194899-B-3_cow.wav,cow,4894
5-194899-C-3_cow.wav,cow,4253
5-194899-D-3_cow.wav,cow,4998
5-194930-A-1_rooster.wav,rooster,4180
5-194930-B-1_rooster.wav,rooster,4759
5-194932-A-7_insects.wav,insects,5000
5-195517-A-7_insects.wav,insects,4143
5-195518-A-7_insects.wav,insects,5000
5-195557-A-19_thunderstorm.wav,thunderstorm,5000
5-195710-A-10_rain.wav,rain,5000
5-197118-A-45_train.wav,train,5000
5-197121-A-45_train.wav,train,5000
5-197121-B-45_train.wav,train,5000
5-197446-A-7_insects.wav,insects,5000
5-197913-A-18_toilet-flush.wav,toilet-flush,5000
5-197988-A-46_church-bells.wav,church-bells,5000
5-198278-A-7_insects.wav,insects,5000
5-198278-B-7_insects.wav,insects,5000
5-198278-C-7_insects.wav,insects,5000
5-198321-A-10_rain.wav,rain,5000
5-198373-A-46_church-bells.wav,church-bells,5000
5-198411-A-20_crying-baby.wav,crying-baby,4218
5-198411-B-20_crying-baby.wav,crying-baby,4971
5-198411-C-20_crying-baby.wav,crying-baby,4999
5-198411-D-20_crying-baby.wav,crying-baby,4989
5-198411-E-20_crying-baby.wav,crying-baby,4990
5-198411-F-20_crying-baby.wav,crying-baby,4703
5-198411-G-20_crying-baby.wav,crying-baby,5000
5-198600-A-45_train.wav,train,5000
5-198891-A-8_sheep.wav,sheep,4294
5-198891-B-8_sheep.wav,sheep,4394
5-198891-C-8_sheep.wav,sheep,3827
5-198891-D-8_sheep.wav,sheep,4939
5-199284-A-45_train.wav,train,5000
5-199284-B-45_train.wav,train,5000
5-200329-A-8_sheep.wav,sheep,4932
5-200329-B-8_sheep.wav,sheep,4999
5-200329-C-8_sheep.wav,sheep,4130
5-200334-A-1_rooster.wav,rooster,4412
5-200334-B-1_rooster.wav,rooster,4418
5-200339-A-1_rooster.wav,rooster,3651
5-200461-A-11_sea-waves.wav,sea-waves,5000
5-200461-B-11_sea-waves.wav,sea-waves,4999
5-201170-A-46_church-bells.wav,church-bells,5000
5-201172-A-46_church-bells.wav,church-bells,5000
5-201194-A-38_clock-tick.wav,clock-tick,4964
5-201274-A-21_sneezing.wav,sneezing,1690
5-201664-A-18_toilet-flush.wav,toilet-flush,4836
5-202020-A-18_toilet-flush.wav,toilet-flush,4615
5-202220-A-21_sneezing.wav,sneezing,4379
5-202540-A-18_toilet-flush.wav,toilet-flush,4556
5-202795-A-3_cow.wav,cow,5000
5-202898-A-10_rain.wav,rain,5000
5-203128-A-0_dog.wav,dog,4782
5-203128-B-0_dog.wav,dog,4927
5-203739-A-10_rain.wav,rain,5000
5-204114-A-29_drinking-sipping.wav,drinking-sipping,4810
5-204352-A-13_crickets.wav,crickets,5000
5-204352-B-13_crickets.wav,crickets,5000
5-204604-A-24_coughing.wav,coughing,5000
5-204741-A-46_church-bells.wav,church-bells,5000
5-205090-A-32_keyboard-typing.wav,keyboard-typing,4544
5-205589-A-17_pouring-water.wav,pouring-water,4557
5-205589-B-17_pouring-water.wav,pouring-water,4998
5-205898-A-40_helicopter.wav,helicopter,5000
5-207681-A-24_coughing.wav,coughing,5000
5-207781-A-17_pouring-water.wav,pouring-water,4976
5-207811-A-35_washing-machine.wav,washing-machine,5000
5-207811-B-35_washing-machine.wav,washing-machine,5000
5-207836-A-29_drinking-sipping.wav,drinking-sipping,4972
5-207836-B-29_drinking-sipping.wav,drinking-sipping,5000
5-207836-C-29_drinking-sipping.wav,drinking-sipping,4599
5-207836-D-29_drinking-sipping.wav,drinking-sipping,4967
5-208030-A-0_dog.wav,dog,4960
5-208624-A-38_clock-tick.wav,clock-tick,4749
5-208761-A-24_coughing.wav,coughing,4991
5-208810-A-11_sea-waves.wav,sea-waves,4891
5-208810-B-11_sea-waves.wav,sea-waves,5000
5-209698-A-38_clock-tick.wav,clock-tick,4811
5-209719-A-24_coughing.wav,coughing,4904
5-209833-A-38_clock-tick.wav,clock-tick,4855
5-209989-A-22_clapping.wav,clapping,4997
5-209992-A-44_engine.wav,engine,5000
5-209992-B-44_engine.wav,engine,5000
5-210540-A-13_crickets.wav,crickets,5000
5-210571-A-38_clock-tick.wav,clock-tick,4712
5-210612-A-37_clock-alarm.wav,clock-alarm,5000
5-211197-A-24_coughing.wav,coughing,5000
5-211408-A-37_clock-alarm.wav,clock-alarm,5000
5-212050-A-27_brushing-teeth.wav,brushing-teeth,5000
5-212054-A-36_vacuum-cleaner.wav,vacuum-cleaner,4966
5-212059-A-36_vacuum-cleaner.wav,vacuum-cleaner,4970
5-212181-A-38_clock-tick.wav,clock-tick,4735
5-212454-A-0_dog.wav,dog,4675
5-212730-A-17_pouring-water.wav,pouring-water,4851
5-212734-A-17_pouring-water.wav,pouring-water,4991
5-212736-A-17_pouring-water.wav,pouring-water,5000
5-213077-A-11_sea-waves.wav,sea-waves,5000
5-213293-A-23_breathing.wav,breathing,4164
5-213802-A-12_crackling-fire.wav,crackling-fire,5000
5-213836-A-9_crow.wav,crow,4998
5-213836-B-9_crow.wav,crow,5000
5-213836-C-9_crow.wav,crow,5000
5-213836-D-9_crow.wav,crow,5000
5-213855-A-0_dog.wav,dog,4987
5-214362-A-17_pouring-water.wav,pouring-water,4805
5-214759-A-5_cat.wav,cat,4984
5-214759-B-5_cat.wav,cat,4865
5-214869-A-9_crow.wav,crow,5000
5-215005-A-32_keyboard-typing.wav,keyboard-typing,4934
5-215172-A-13_crickets.wav,crickets,4995
5-215179-A-13_crickets.wav,crickets,4980
5-215445-A-47_airplane.wav,airplane,5000
5-215447-A-47_airplane.wav,airplane,5000
5-215449-A-47_airplane.wav,airplane,5000
5-215634-A-17_pouring-water.wav,pouring-water,4940
5-215658-A-12_crackling-fire.wav,crackling-fire,4966
5-215658-B-12_crackling-fire.wav,crackling-fire,5000
5-216131-A-32_keyboard-typing.wav,keyboard-typing,4872
5-216213-A-13_crickets.wav,crickets,4476
5-216214-A-13_crickets.wav,crickets,5000
5-216216-A-13_crickets.wav,crickets,4996
5-216368-A-28_snoring.wav,snoring,4089
5-216370-A-41_chainsaw.wav,chainsaw,4773
5-216370-B-41_chainsaw.wav,chainsaw,5000
5-217158-A-0_dog.wav,dog,4754
5-217186-A-16_wind.wav,wind,5000
5-217186-B-16_wind.wav,wind,4999
5-217186-C-16_wind.wav,wind,5000
5-218196-A-27_brushing-teeth.wav,brushing-teeth,4932
5-218196-B-27_brushing-teeth.wav,brushing-teeth,4997
5-218494-A-22_clapping.wav,clapping,5000
5-218980-A-30_door-wood-knock.wav,door-wood-knock,5000
5-218981-A-30_door-wood-knock.wav,door-wood-knock,5000
5-219044-A-46_church-bells.wav,church-bells,5000
5-219242-A-37_clock-alarm.wav,clock-alarm,5000
5-219242-B-37_clock-alarm.wav,clock-alarm,4781
5-219318-A-31_mouse-click.wav,mouse-click,5000
5-219342-A-38_clock-tick.wav,clock-tick,4291
5-219379-A-11_sea-waves.wav,sea-waves,4758
5-219379-B-11_sea-waves.wav,sea-waves,5000
5-219379-C-11_sea-waves.wav,sea-waves,5000
5-220026-A-21_sneezing.wav,sneezing,4691
5-220027-A-21_sneezing.wav,sneezing,4606
5-220939-A-27_brushing-teeth.wav,brushing-teeth,4999
5-220955-A-40_helicopter.wav,helicopter,4866
5-221518-A-21_sneezing.wav,sneezing,3673
5-221528-A-39_glass-breaking.wav,glass-breaking,4663
5-221529-A-39_glass-breaking.wav,glass-breaking,4787
5-221567-A-22_clapping.wav,clapping,5000
5-221568-A-22_clapping.wav,clapping,5000
5-221593-A-21_sneezing.wav,sneezing,4965
5-221878-A-34_can-opening.wav,can-opening,4387
5-221950-A-22_clapping.wav,clapping,4850
5-222041-A-9_crow.wav,crow,5000
5-222524-A-41_chainsaw.wav,chainsaw,5000
5-222894-A-32_keyboard-typing.wav,keyboard-typing,4868
5-223099-A-32_keyboard-typing.wav,keyboard-typing,5000
5-223099-B-32_keyboard-typing.wav,keyboard-typing,5000
5-223103-A-31_mouse-click.wav,mouse-click,4982
5-223176-A-37_clock-alarm.wav,clock-alarm,5000
5-223317-A-31_mouse-click.wav,mouse-click,5000
5-223810-A-35_washing-machine.wav,washing-machine,5000
5-231551-A-36_vacuum-cleaner.wav,vacuum-cleaner,4510
5-231762-A-0_dog.wav,dog,4950
5-232272-A-44_engine.wav,engine,5000
5-232802-A-31_mouse-click.wav,mouse-click,4954
5-232816-A-23_breathing.wav,breathing,5000
5-233019-A-31_mouse-click.wav,mouse-click,4899
5-233160-A-1_rooster.wav,rooster,4691
5-233260-A-23_breathing.wav,breathing,4997
5-233312-A-28_snoring.wav,snoring,4999
5-233605-A-39_glass-breaking.wav,glass-breaking,4552
5-233607-A-39_glass-breaking.wav,glass-breaking,4849
5-233645-A-37_clock-alarm.wav,clock-alarm,4995
5-233787-A-7_insects.wav,insects,4997
5-234145-A-28_snoring.wav,snoring,4997
5-234247-A-37_clock-alarm.wav,clock-alarm,5000
5-234263-A-25_footsteps.wav,footsteps,4982
5-234335-A-23_breathing.wav,breathing,4681
5-234855-A-25_footsteps.wav,footsteps,4936
5-234879-A-1_rooster.wav,rooster,4961
5-234879-B-1_rooster.wav,rooster,4979
5-234923-A-32_keyboard-typing.wav,keyboard-typing,4989
5-235507-A-44_engine.wav,engine,5000
5-235593-A-23_breathing.wav,breathing,4696
5-235644-A-30_door-wood-knock.wav,door-wood-knock,4971
5-235671-A-38_clock-tick.wav,clock-tick,4995
5-235874-A-28_snoring.wav,snoring,3872
5-235893-A-28_snoring.wav,snoring,4633
5-235956-A-47_airplane.wav,airplane,5000
5-236288-A-28_snoring.wav,snoring,4951
5-236299-A-34_can-opening.wav,can-opening,4998
5-237315-A-31_mouse-click.wav,mouse-click,4821
5-237499-A-4_frog.wav,frog,5000
5-237795-A-34_can-opening.wav,can-opening,5000
5-238021-A-35_washing-machine.wav,washing-machine,5000
5-238492-A-23_breathing.wav,breathing,5000
5-238926-A-31_mouse-click.wav,mouse-click,5000
5-238938-A-27_brushing-teeth.wav,brushing-teeth,4978
5-240671-A-44_engine.wav,engine,5000
5-241846-A-15_water-drops.wav,water-drops,4674
5-242490-A-14_chirping-birds.wav,chirping-birds,4737
5-242491-A-14_chirping-birds.wav,chirping-birds,3220
5-242492-A-3_cow.wav,cow,5000
5-242711-A-9_crow.wav,crow,4969
5-242932-A-26_laughing.wav,laughing,4968
5-242932-B-26_laughing.wav,laughing,4998
5-243025-A-25_footsteps.wav,footsteps,4994
5-243036-A-29_drinking-sipping.wav,drinking-sipping,4538
5-243448-A-14_chirping-birds.wav,chirping-birds,4933
5-243449-A-14_chirping-birds.wav,chirping-birds,4980
5-243450-A-14_chirping-birds.wav,chirping-birds,5000
5-243459-A-14_chirping-birds.wav,chirping-birds,5000
5-243459-B-14_chirping-birds.wav,chirping-birds,5000
5-243635-A-29_drinking-sipping.wav,drinking-sipping,4987
5-243773-A-44_engine.wav,engine,5000
5-243773-B-44_engine.wav,engine,5000
5-243783-A-44_engine.wav,engine,5000
5-244178-A-32_keyboard-typing.wav,keyboard-typing,4974
5-244310-A-25_footsteps.wav,footsteps,4997
5-244315-A-6_hen.wav,hen,5000
5-244315-B-6_hen.wav,hen,4928
5-244315-C-6_hen.wav,hen,5000
5-244327-A-34_can-opening.wav,can-opening,4290
5-244459-A-28_snoring.wav,snoring,4723
5-244526-A-26_laughing.wav,laughing,5000
5-244651-A-31_mouse-click.wav,mouse-click,4544
5-244933-A-34_can-opening.wav,can-opening,4422
5-245040-A-35_washing-machine.wav,washing-machine,4998
5-248341-A-6_hen.wav,hen,4999
5-248341-B-6_hen.wav,hen,5000
5-248341-C-6_hen.wav,hen,5000
5-249748-A-28_snoring.wav,snoring,5000
5-249937-A-22_clapping.wav,clapping,5000
5-250026-A-30_door-wood-knock.wav,door-wood-knock,4598
5-250026-B-30_door-wood-knock.wav,door-wood-knock,4925
5-250258-A-49_hand-saw.wav,hand-saw,4725
5-250629-A-37_clock-alarm.wav,clock-alarm,4955
5-250753-A-34_can-opening.wav,can-opening,4441
5-251426-A-30_door-wood-knock.wav,door-wood-knock,4864
5-251426-B-30_door-wood-knock.wav,door-wood-knock,4603
5-251489-A-24_coughing.wav,coughing,4959
5-251957-A-47_airplane.wav,airplane,5000
5-251962-A-47_airplane.wav,airplane,5000
5-251963-A-47_airplane.wav,airplane,4998
5-251971-A-47_airplane.wav,airplane,4999
5-252248-A-34_can-opening.wav,can-opening,4912
5-253085-A-3_cow.wav,cow,5000
5-253085-B-3_cow.wav,cow,5000
5-253094-A-49_hand-saw.wav,hand-saw,5000
5-253094-B-49_hand-saw.wav,hand-saw,5000
5-253094-C-49_hand-saw.wav,hand-saw,5000
5-253094-D-49_hand-saw.wav,hand-saw,4996
5-253101-A-49_hand-saw.wav,hand-saw,5000
5-253101-B-49_hand-saw.wav,hand-saw,5000
5-253101-C-49_hand-saw.wav,hand-saw,5000
5-253534-A-26_laughing.wav,laughing,5000
5-254160-A-22_clapping.wav,clapping,5000
5-254832-A-15_water-drops.wav,water-drops,4760
5-254832-B-15_water-drops.wav,water-drops,4852
5-256452-A-5_cat.wav,cat,5000
5-256512-A-30_door-wood-knock.wav,door-wood-knock,4977
5-257349-A-15_water-drops.wav,water-drops,4989
5-257642-A-39_glass-breaking.wav,glass-breaking,4641
5-257839-A-14_chirping-birds.wav,chirping-birds,5000
5-259169-A-5_cat.wav,cat,5000
5-259180-A-15_water-drops.wav,water-drops,4676
5-259514-A-26_laughing.wav,laughing,5000
5-259640-A-29_drinking-sipping.wav,drinking-sipping,4776
5-260011-A-34_can-opening.wav,can-opening,4969
5-260164-A-23_breathing.wav,breathing,5000
5-260432-A-39_glass-breaking.wav,glass-breaking,4995
5-260433-A-39_glass-breaking.wav,glass-breaking,4999
5-260434-A-39_glass-breaking.wav,glass-breaking,4999
5-260875-A-35_washing-machine.wav,washing-machine,5000
5-261325-A-9_crow.wav,crow,5000
5-261433-A-15_water-drops.wav,water-drops,5000
5-261439-A-15_water-drops.wav,water-drops,4999
5-261464-A-23_breathing.wav,breathing,4998
5-262641-A-15_water-drops.wav,water-drops,4737
5-262957-A-22_clapping.wav,clapping,5000
5-263490-A-25_footsteps.wav,footsteps,4977
5-263491-A-25_footsteps.wav,footsteps,4990
5-263501-A-25_footsteps.wav,footsteps,4774
5-263775-A-26_laughing.wav,laughing,5000
5-263775-B-26_laughing.wav,laughing,5000
5-263831-A-6_hen.wav,hen,5000
5-263831-B-6_hen.wav,hen,4997
5-263902-A-36_vacuum-cleaner.wav,vacuum-cleaner,5000
5-51149-A-25_footsteps.wav,footsteps,5000
5-61635-A-8_sheep.wav,sheep,5000
5-9032-A-0_dog.wav,dog,4945